,Filename,Title,Author,Year,Document,Text,Tokens,Lemmas,POS,Proper_Nouns,Named_Entities,NE_Words
0,song1,When The Sun Goes Down,Arctic Monkeys,2006,"I said, who's that girl there?
I wonder what went wrong so that she had to roam the streets
She don't do major credit cards, I doubt she does receipts
It's all not quite legitimate
And what a scummy man
Just give him half a chance, I bet he'll rob you if he can
Can see it in his eyes, yeah, that he's got a drivin' ban
Amongst some other offences
And I've seen him with girls of the night
And he told Roxanne to put on her red light
They're all infected but he'll be alright
'Cause he's a scumbag, don't you know?
I said, he's a scumbag, don't you know?
 
Although you're trying not to listen
Avert your eyes and starin' at the ground
She makes a subtle proposition
""I'm sorry, love, I'll have to turn you down""
And oh, he must be up to summat
What are the chances? Sure it's more than likely
I've got a feelin' in my stomach
And start to wonder what his story might be
What his story might be, yeah
 
'Cause they said it changes when the sun goes down
Yeah, they said it changes when the sun goes down
And they said it changes when the sun goes down
Around here, around here
 
Look, here comes a Ford Mondeo
Isn't he Mr. Inconspicuous?
And he don't even have to say owt
She's in the stance ready to get picked up
Bet she's delighted when she sees him
Pullin' in and givin' her the eye
Because she must be fucking freezin'
Scantily clad beneath the clear night sky
It don't stop in the winter, no
 
And they said it changes when the sun goes down
Yeah, they said it changes when the sun goes down
And they said it changes when the sun goes down
Around here
Well, they said it changes when the sun goes down
Over the river, goin' out of town
And they said it changes when the sun goes down
Around here, around here, oh
 
And what a scummy man
Just give him half a chance, I bet he'll rob you if he can
Can see it in his eyes, yeah, that he's got a nasty plan
I hope you're not involved at all","i said, who is that girl there? i wonder what went wrong so that she had to roam the streets she do not do major credit cards, i doubt she does receipts it is all not quite legitimate and what a scummy man just give him half a chance, i bet he'll rob you if he can can see it in his eyes, yeah, that he is got a drivin' ban amongst some other offences and i have seen him with girls of the night and he told roxanne to put on her red light they are all infected but he'll be alright 'cause he is a scumbag, do not you know? i said, he is a scumbag, do not you know? although you are trying not to listen avert your eyes and starin' at the ground she makes a subtle proposition ""i am sorry, love, i will have to turn you down"" and oh, he must be up to something what are the chances? sure it is more than likely i have got a feelin' in my stomach and start to wonder what his story might be what his story might be, yeah 'cause they said it changes when the sun goes down yeah, they said it changes when the sun goes down and they said it changes when the sun goes down around here, around here look, here comes a ford mondeo isn't he mr. inconspicuous? and he do not even have to say anything she is in the stance ready to get picked up bet she is delighted when she sees him pullin' in and givin' her the eye because she must be fucking freezin' scantily clad beneath the clear night sky it do not stop in the winter, no and they said it changes when the sun goes down yeah, they said it changes when the sun goes down and they said it changes when the sun goes down around here well, they said it changes when the sun goes down over the river, goin' out of town and they said it changes when the sun goes down around here, around here, oh and what a scummy man just give him half a chance, i bet he'll rob you if he can can see it in his eyes, yeah, that he is got a nasty plan i hope you are not involved at all","['i', 'said', ',', 'who', 'is', 'that', 'girl', 'there', '?', 'i', 'wonder', 'what', 'went', 'wrong', 'so', 'that', 'she', 'had', 'to', 'roam', 'the', 'streets', 'she', 'do', 'not', 'do', 'major', 'credit', 'cards', ',', 'i', 'doubt', 'she', 'does', 'receipts', 'it', 'is', 'all', 'not', 'quite', 'legitimate', 'and', 'what', 'a', 'scummy', 'man', 'just', 'give', 'him', 'half', 'a', 'chance', ',', 'i', 'bet', 'he', ""'ll"", 'rob', 'you', 'if', 'he', 'can', 'can', 'see', 'it', 'in', 'his', 'eyes', ',', 'yeah', ',', 'that', 'he', 'is', 'got', 'a', 'drivin', ""'"", 'ban', 'amongst', 'some', 'other', 'offences', 'and', 'i', 'have', 'seen', 'him', 'with', 'girls', 'of', 'the', 'night', 'and', 'he', 'told', 'roxanne', 'to', 'put', 'on', 'her', 'red', 'light', 'they', 'are', 'all', 'infected', 'but', 'he', ""'ll"", 'be', 'alright', ""'cause"", 'he', 'is', 'a', 'scumbag', ',', 'do', 'not', 'you', 'know', '?', 'i', 'said', ',', 'he', 'is', 'a', 'scumbag', ',', 'do', 'not', 'you', 'know', '?', 'although', 'you', 'are', 'trying', 'not', 'to', 'listen', 'avert', 'your', 'eyes', 'and', 'starin', ""'"", 'at', 'the', 'ground', 'she', 'makes', 'a', 'subtle', 'proposition', '""', 'i', 'am', 'sorry', ',', 'love', ',', 'i', 'will', 'have', 'to', 'turn', 'you', 'down', '""', 'and', 'oh', ',', 'he', 'must', 'be', 'up', 'to', 'something', 'what', 'are', 'the', 'chances', '?', 'sure', 'it', 'is', 'more', 'than', 'likely', 'i', 'have', 'got', 'a', 'feelin', ""'"", 'in', 'my', 'stomach', 'and', 'start', 'to', 'wonder', 'what', 'his', 'story', 'might', 'be', 'what', 'his', 'story', 'might', 'be', ',', 'yeah', ""'cause"", 'they', 'said', 'it', 'changes', 'when', 'the', 'sun', 'goes', 'down', 'yeah', ',', 'they', 'said', 'it', 'changes', 'when', 'the', 'sun', 'goes', 'down', 'and', 'they', 'said', 'it', 'changes', 'when', 'the', 'sun', 'goes', 'down', 'around', 'here', ',', 'around', 'here', 'look', ',', 'here', 'comes', 'a', 'ford', 'mondeo', 'is', ""n't"", 'he', 'mr', '.', 'inconspicuous', '?', 'and', 'he', 'do', 'not', 'even', 'have', 'to', 'say', 'anything', 'she', 'is', 'in', 'the', 'stance', 'ready', 'to', 'get', 'picked', 'up', 'bet', 'she', 'is', 'delighted', 'when', 'she', 'sees', 'him', 'pullin', ""'"", 'in', 'and', 'givin', ""'"", 'her', 'the', 'eye', 'because', 'she', 'must', 'be', 'fucking', 'freezin', ""'"", 'scantily', 'clad', 'beneath', 'the', 'clear', 'night', 'sky', 'it', 'do', 'not', 'stop', 'in', 'the', 'winter', ',', 'no', 'and', 'they', 'said', 'it', 'changes', 'when', 'the', 'sun', 'goes', 'down', 'yeah', ',', 'they', 'said', 'it', 'changes', 'when', 'the', 'sun', 'goes', 'down', 'and', 'they', 'said', 'it', 'changes', 'when', 'the', 'sun', 'goes', 'down', 'around', 'here', 'well', ',', 'they', 'said', 'it', 'changes', 'when', 'the', 'sun', 'goes', 'down', 'over', 'the', 'river', ',', ""goin'"", 'out', 'of', 'town', 'and', 'they', 'said', 'it', 'changes', 'when', 'the', 'sun', 'goes', 'down', 'around', 'here', ',', 'around', 'here', ',', 'oh', 'and', 'what', 'a', 'scummy', 'man', 'just', 'give', 'him', 'half', 'a', 'chance', ',', 'i', 'bet', 'he', ""'ll"", 'rob', 'you', 'if', 'he', 'can', 'can', 'see', 'it', 'in', 'his', 'eyes', ',', 'yeah', ',', 'that', 'he', 'is', 'got', 'a', 'nasty', 'plan', 'i', 'hope', 'you', 'are', 'not', 'involved', 'at', 'all']","['I', 'say', ',', 'who', 'be', 'that', 'girl', 'there', '?', 'I', 'wonder', 'what', 'go', 'wrong', 'so', 'that', 'she', 'have', 'to', 'roam', 'the', 'street', 'she', 'do', 'not', 'do', 'major', 'credit', 'card', ',', 'I', 'doubt', 'she', 'do', 'receipt', 'it', 'be', 'all', 'not', 'quite', 'legitimate', 'and', 'what', 'a', 'scummy', 'man', 'just', 'give', 'he', 'half', 'a', 'chance', ',', 'I', 'bet', 'he', 'will', 'rob', 'you', 'if', 'he', 'can', 'can', 'see', 'it', 'in', 'his', 'eye', ',', 'yeah', ',', 'that', 'he', 'be', 'get', 'a', 'drivin', ""'"", 'ban', 'amongst', 'some', 'other', 'offence', 'and', 'I', 'have', 'see', 'he', 'with', 'girl', 'of', 'the', 'night', 'and', 'he', 'tell', 'roxanne', 'to', 'put', 'on', 'her', 'red', 'light', 'they', 'be', 'all', 'infect', 'but', 'he', 'will', 'be', 'alright', ""'cause"", 'he', 'be', 'a', 'scumbag', ',', 'do', 'not', 'you', 'know', '?', 'I', 'say', ',', 'he', 'be', 'a', 'scumbag', ',', 'do', 'not', 'you', 'know', '?', 'although', 'you', 'be', 'try', 'not', 'to', 'listen', 'avert', 'your', 'eye', 'and', 'starin', ""'"", 'at', 'the', 'ground', 'she', 'make', 'a', 'subtle', 'proposition', '""', 'I', 'be', 'sorry', ',', 'love', ',', 'I', 'will', 'have', 'to', 'turn', 'you', 'down', '""', 'and', 'oh', ',', 'he', 'must', 'be', 'up', 'to', 'something', 'what', 'be', 'the', 'chance', '?', 'sure', 'it', 'be', 'more', 'than', 'likely', 'I', 'have', 'get', 'a', 'feelin', ""'"", 'in', 'my', 'stomach', 'and', 'start', 'to', 'wonder', 'what', 'his', 'story', 'might', 'be', 'what', 'his', 'story', 'might', 'be', ',', 'yeah', ""'cause"", 'they', 'say', 'it', 'change', 'when', 'the', 'sun', 'go', 'down', 'yeah', ',', 'they', 'say', 'it', 'change', 'when', 'the', 'sun', 'go', 'down', 'and', 'they', 'say', 'it', 'change', 'when', 'the', 'sun', 'go', 'down', 'around', 'here', ',', 'around', 'here', 'look', ',', 'here', 'come', 'a', 'ford', 'mondeo', 'be', 'not', 'he', 'mr', '.', 'inconspicuous', '?', 'and', 'he', 'do', 'not', 'even', 'have', 'to', 'say', 'anything', 'she', 'be', 'in', 'the', 'stance', 'ready', 'to', 'get', 'pick', 'up', 'bet', 'she', 'be', 'delighted', 'when', 'she', 'see', 'he', 'pullin', ""'"", 'in', 'and', 'givin', ""'"", 'her', 'the', 'eye', 'because', 'she', 'must', 'be', 'fucking', 'freezin', ""'"", 'scantily', 'clothe', 'beneath', 'the', 'clear', 'night', 'sky', 'it', 'do', 'not', 'stop', 'in', 'the', 'winter', ',', 'no', 'and', 'they', 'say', 'it', 'change', 'when', 'the', 'sun', 'go', 'down', 'yeah', ',', 'they', 'say', 'it', 'change', 'when', 'the', 'sun', 'go', 'down', 'and', 'they', 'say', 'it', 'change', 'when', 'the', 'sun', 'go', 'down', 'around', 'here', 'well', ',', 'they', 'say', 'it', 'change', 'when', 'the', 'sun', 'go', 'down', 'over', 'the', 'river', ',', 'go', 'out', 'of', 'town', 'and', 'they', 'say', 'it', 'change', 'when', 'the', 'sun', 'go', 'down', 'around', 'here', ',', 'around', 'here', ',', 'oh', 'and', 'what', 'a', 'scummy', 'man', 'just', 'give', 'he', 'half', 'a', 'chance', ',', 'I', 'bet', 'he', 'will', 'rob', 'you', 'if', 'he', 'can', 'can', 'see', 'it', 'in', 'his', 'eye', ',', 'yeah', ',', 'that', 'he', 'be', 'get', 'a', 'nasty', 'plan', 'I', 'hope', 'you', 'be', 'not', 'involve', 'at', 'all']","['PRON', 'VERB', 'PUNCT', 'PRON', 'AUX', 'DET', 'NOUN', 'ADV', 'PUNCT', 'PRON', 'VERB', 'PRON', 'VERB', 'ADJ', 'SCONJ', 'SCONJ', 'PRON', 'VERB', 'PART', 'VERB', 'DET', 'NOUN', 'PRON', 'AUX', 'PART', 'VERB', 'ADJ', 'NOUN', 'NOUN', 'PUNCT', 'PRON', 'VERB', 'PRON', 'VERB', 'NOUN', 'PRON', 'AUX', 'ADV', 'PART', 'ADV', 'ADJ', 'CCONJ', 'PRON', 'DET', 'ADJ', 'NOUN', 'ADV', 'VERB', 'PRON', 'DET', 'DET', 'NOUN', 'PUNCT', 'PRON', 'VERB', 'PRON', 'AUX', 'VERB', 'PRON', 'SCONJ', 'PRON', 'AUX', 'AUX', 'VERB', 'PRON', 'ADP', 'PRON', 'NOUN', 'PUNCT', 'INTJ', 'PUNCT', 'SCONJ', 'PRON', 'AUX', 'VERB', 'DET', 'NOUN', 'PUNCT', 'NOUN', 'ADP', 'DET', 'ADJ', 'NOUN', 'CCONJ', 'PRON', 'AUX', 'VERB', 'PRON', 'ADP', 'NOUN', 'ADP', 'DET', 'NOUN', 'CCONJ', 'PRON', 'VERB', 'PROPN', 'PART', 'VERB', 'ADP', 'PRON', 'ADJ', 'NOUN', 'PRON', 'AUX', 'ADV', 'VERB', 'CCONJ', 'PRON', 'AUX', 'AUX', 'ADJ', 'SCONJ', 'PRON', 'AUX', 'DET', 'NOUN', 'PUNCT', 'AUX', 'PART', 'PRON', 'VERB', 'PUNCT', 'PRON', 'VERB', 'PUNCT', 'PRON', 'AUX', 'DET', 'NOUN', 'PUNCT', 'AUX', 'PART', 'PRON', 'VERB', 'PUNCT', 'SCONJ', 'PRON', 'AUX', 'VERB', 'PART', 'PART', 'VERB', 'VERB', 'PRON', 'NOUN', 'CCONJ', 'NOUN', 'PUNCT', 'ADP', 'DET', 'NOUN', 'PRON', 'VERB', 'DET', 'ADJ', 'NOUN', 'PUNCT', 'PRON', 'AUX', 'ADJ', 'PUNCT', 'NOUN', 'PUNCT', 'PRON', 'AUX', 'VERB', 'PART', 'VERB', 'PRON', 'ADP', 'PUNCT', 'CCONJ', 'INTJ', 'PUNCT', 'PRON', 'AUX', 'AUX', 'ADP', 'ADP', 'PRON', 'PRON', 'AUX', 'DET', 'NOUN', 'PUNCT', 'ADJ', 'PRON', 'AUX', 'ADJ', 'ADP', 'ADJ', 'PRON', 'AUX', 'VERB', 'DET', 'NOUN', 'PUNCT', 'ADP', 'PRON', 'NOUN', 'CCONJ', 'VERB', 'PART', 'VERB', 'PRON', 'PRON', 'NOUN', 'AUX', 'AUX', 'PRON', 'PRON', 'NOUN', 'AUX', 'AUX', 'PUNCT', 'INTJ', 'SCONJ', 'PRON', 'VERB', 'PRON', 'VERB', 'SCONJ', 'DET', 'NOUN', 'VERB', 'ADP', 'INTJ', 'PUNCT', 'PRON', 'VERB', 'PRON', 'VERB', 'SCONJ', 'DET', 'NOUN', 'VERB', 'ADP', 'CCONJ', 'PRON', 'VERB', 'PRON', 'VERB', 'SCONJ', 'DET', 'NOUN', 'VERB', 'ADP', 'ADV', 'ADV', 'PUNCT', 'ADV', 'ADV', 'VERB', 'PUNCT', 'ADV', 'VERB', 'DET', 'NOUN', 'NOUN', 'AUX', 'PART', 'PRON', 'PROPN', 'PROPN', 'PROPN', 'PUNCT', 'CCONJ', 'PRON', 'AUX', 'PART', 'ADV', 'VERB', 'PART', 'VERB', 'PRON', 'PRON', 'AUX', 'ADP', 'DET', 'NOUN', 'ADJ', 'PART', 'AUX', 'VERB', 'ADP', 'NOUN', 'PRON', 'AUX', 'ADJ', 'SCONJ', 'PRON', 'VERB', 'PRON', 'NOUN', 'PUNCT', 'ADP', 'CCONJ', 'PROPN', 'PUNCT', 'PRON', 'DET', 'NOUN', 'SCONJ', 'PRON', 'AUX', 'AUX', 'ADJ', 'NOUN', 'PUNCT', 'ADV', 'VERB', 'ADP', 'DET', 'ADJ', 'NOUN', 'NOUN', 'PRON', 'AUX', 'PART', 'VERB', 'ADP', 'DET', 'NOUN', 'PUNCT', 'INTJ', 'CCONJ', 'PRON', 'VERB', 'PRON', 'VERB', 'SCONJ', 'DET', 'NOUN', 'VERB', 'ADP', 'INTJ', 'PUNCT', 'PRON', 'VERB', 'PRON', 'VERB', 'SCONJ', 'DET', 'NOUN', 'VERB', 'ADP', 'CCONJ', 'PRON', 'VERB', 'PRON', 'VERB', 'SCONJ', 'DET', 'NOUN', 'VERB', 'ADP', 'ADV', 'ADV', 'ADV', 'PUNCT', 'PRON', 'VERB', 'PRON', 'VERB', 'SCONJ', 'DET', 'NOUN', 'VERB', 'ADP', 'ADP', 'DET', 'NOUN', 'PUNCT', 'VERB', 'ADP', 'ADP', 'NOUN', 'CCONJ', 'PRON', 'VERB', 'PRON', 'VERB', 'SCONJ', 'DET', 'NOUN', 'VERB', 'ADP', 'ADV', 'ADV', 'PUNCT', 'ADV', 'ADV', 'PUNCT', 'INTJ', 'CCONJ', 'PRON', 'DET', 'ADJ', 'NOUN', 'ADV', 'VERB', 'PRON', 'DET', 'DET', 'NOUN', 'PUNCT', 'PRON', 'VERB', 'PRON', 'AUX', 'VERB', 'PRON', 'SCONJ', 'PRON', 'AUX', 'AUX', 'VERB', 'PRON', 'ADP', 'PRON', 'NOUN', 'PUNCT', 'INTJ', 'PUNCT', 'SCONJ', 'PRON', 'AUX', 'VERB', 'DET', 'ADJ', 'NOUN', 'PRON', 'VERB', 'PRON', 'AUX', 'PART', 'VERB', 'ADV', 'ADV']","['roxanne', 'mr', '.', 'inconspicuous', 'givin']","['CARDINAL', 'TIME', 'PERSON', 'ORG', 'PERSON', 'DATE', 'CARDINAL']","['half', 'the night', 'roxanne', 'ford', 'inconspicuous', 'the winter', 'half']"
1,song2,Fluorescent Adolescent,Arctic Monkeys,2007,"You used to get it in your fishnets
Now you only get it in your night dress
Discarded all the naughty nights for niceness
Landed in a very common crisis
Everything's in order in a black hole
Nothing seems as pretty as the past though
That Bloody Mary's lacking in Tabasco
Remember when you used to be a rascal?
 
Oh, the boy's a slag, the best you ever had
The best you ever had is just a memory
And those dreams weren't as daft as they seem
As daft as they seem, my love, when you dream them up
 
Flicking through a little book of sex tips
Remember when the boys were all electric?
And now, when she's told she's gonna get it
I'm guessing that she'd rather just forget it
Clinging to not getting sentimental
Said she wasn't going but she went still
Likes her gentlemen not to be gentle
Was it a Mecca Dauber or a betting pencil?
 
Oh, the boy's a slag, the best you ever had
The best you ever had is just a memory
And those dreams weren't as daft as they seem
Not as daft as they seem, my love, when you dream them up
 
Oh, Flo, where did you go?
Where did you go? Where did you go?
 
You're falling about
You took a left off Last Laugh Lane
Just sounding it out
But you're not coming back again
You're falling about
You took a left off Last Laugh Lane
You were just sounding it out
But you're not coming back again
 
You used to get it in your fishnets
(Falling about)
Now you only get it in your night dress
Discarded all the naughty nights for niceness
(You took a left off Last Laugh Lane)
Landed in a very common crisis
Everything's in order in a black hole
(You were just sounding it out)
Is anything as pretty in the past though?
That Bloody Mary's lacking in Tabasco
(You're not coming back again)
Remember when you used to be a rascal, oh?","you used to get it in your fishnets now you only get it in your night dress discarded all the naughty nights for niceness landed in a very common crisis everything's in order in a black hole nothing seems as pretty as the past though that bloody mary's lacking in tabasco remember when you used to be a rascal? oh, the boy's a slag, the best you ever had the best you ever had is just a memory and those dreams weren't as daft as they seem as daft as they seem, my love, when you dream them up flicking through a little book of sex tips remember when the boys were all electric? and now, when she is told she is going to get it i am guessing that she'd rather just forget it clinging to not getting sentimental said she wasn't going but she went still likes her gentlemen not to be gentle was it a mecca dauber or a betting pencil? oh, the boy's a slag, the best you ever had the best you ever had is just a memory and those dreams weren't as daft as they seem not as daft as they seem, my love, when you dream them up oh, flo, where did you go? where did you go? where did you go? you are falling about you took a left off last laugh lane just sounding it out but you are not coming back again you are falling about you took a left off last laugh lane you were just sounding it out but you are not coming back again you used to get it in your fishnets (falling about) now you only get it in your night dress discarded all the naughty nights for niceness (you took a left off last laugh lane) landed in a very common crisis everything's in order in a black hole (you were just sounding it out) is anything as pretty in the past though? that bloody mary's lacking in tabasco (you are not coming back again) remember when you used to be a rascal, oh?","['you', 'used', 'to', 'get', 'it', 'in', 'your', 'fishnets', 'now', 'you', 'only', 'get', 'it', 'in', 'your', 'night', 'dress', 'discarded', 'all', 'the', 'naughty', 'nights', 'for', 'niceness', 'landed', 'in', 'a', 'very', 'common', 'crisis', 'everything', ""'s"", 'in', 'order', 'in', 'a', 'black', 'hole', 'nothing', 'seems', 'as', 'pretty', 'as', 'the', 'past', 'though', 'that', 'bloody', 'mary', ""'s"", 'lacking', 'in', 'tabasco', 'remember', 'when', 'you', 'used', 'to', 'be', 'a', 'rascal', '?', 'oh', ',', 'the', 'boy', ""'s"", 'a', 'slag', ',', 'the', 'best', 'you', 'ever', 'had', 'the', 'best', 'you', 'ever', 'had', 'is', 'just', 'a', 'memory', 'and', 'those', 'dreams', 'were', ""n't"", 'as', 'daft', 'as', 'they', 'seem', 'as', 'daft', 'as', 'they', 'seem', ',', 'my', 'love', ',', 'when', 'you', 'dream', 'them', 'up', 'flicking', 'through', 'a', 'little', 'book', 'of', 'sex', 'tips', 'remember', 'when', 'the', 'boys', 'were', 'all', 'electric', '?', 'and', 'now', ',', 'when', 'she', 'is', 'told', 'she', 'is', 'going', 'to', 'get', 'it', 'i', 'am', 'guessing', 'that', 'she', ""'d"", 'rather', 'just', 'forget', 'it', 'clinging', 'to', 'not', 'getting', 'sentimental', 'said', 'she', 'was', ""n't"", 'going', 'but', 'she', 'went', 'still', 'likes', 'her', 'gentlemen', 'not', 'to', 'be', 'gentle', 'was', 'it', 'a', 'mecca', 'dauber', 'or', 'a', 'betting', 'pencil', '?', 'oh', ',', 'the', 'boy', ""'s"", 'a', 'slag', ',', 'the', 'best', 'you', 'ever', 'had', 'the', 'best', 'you', 'ever', 'had', 'is', 'just', 'a', 'memory', 'and', 'those', 'dreams', 'were', ""n't"", 'as', 'daft', 'as', 'they', 'seem', 'not', 'as', 'daft', 'as', 'they', 'seem', ',', 'my', 'love', ',', 'when', 'you', 'dream', 'them', 'up', 'oh', ',', 'flo', ',', 'where', 'did', 'you', 'go', '?', 'where', 'did', 'you', 'go', '?', 'where', 'did', 'you', 'go', '?', 'you', 'are', 'falling', 'about', 'you', 'took', 'a', 'left', 'off', 'last', 'laugh', 'lane', 'just', 'sounding', 'it', 'out', 'but', 'you', 'are', 'not', 'coming', 'back', 'again', 'you', 'are', 'falling', 'about', 'you', 'took', 'a', 'left', 'off', 'last', 'laugh', 'lane', 'you', 'were', 'just', 'sounding', 'it', 'out', 'but', 'you', 'are', 'not', 'coming', 'back', 'again', 'you', 'used', 'to', 'get', 'it', 'in', 'your', 'fishnets', '(', 'falling', 'about', ')', 'now', 'you', 'only', 'get', 'it', 'in', 'your', 'night', 'dress', 'discarded', 'all', 'the', 'naughty', 'nights', 'for', 'niceness', '(', 'you', 'took', 'a', 'left', 'off', 'last', 'laugh', 'lane', ')', 'landed', 'in', 'a', 'very', 'common', 'crisis', 'everything', ""'s"", 'in', 'order', 'in', 'a', 'black', 'hole', '(', 'you', 'were', 'just', 'sounding', 'it', 'out', ')', 'is', 'anything', 'as', 'pretty', 'in', 'the', 'past', 'though', '?', 'that', 'bloody', 'mary', ""'s"", 'lacking', 'in', 'tabasco', '(', 'you', 'are', 'not', 'coming', 'back', 'again', ')', 'remember', 'when', 'you', 'used', 'to', 'be', 'a', 'rascal', ',', 'oh', '?']","['you', 'use', 'to', 'get', 'it', 'in', 'your', 'fishnet', 'now', 'you', 'only', 'get', 'it', 'in', 'your', 'night', 'dress', 'discard', 'all', 'the', 'naughty', 'night', 'for', 'niceness', 'land', 'in', 'a', 'very', 'common', 'crisis', 'everything', 'be', 'in', 'order', 'in', 'a', 'black', 'hole', 'nothing', 'seem', 'as', 'pretty', 'as', 'the', 'past', 'though', 'that', 'bloody', 'mary', ""'s"", 'lacking', 'in', 'tabasco', 'remember', 'when', 'you', 'use', 'to', 'be', 'a', 'rascal', '?', 'oh', ',', 'the', 'boy', 'be', 'a', 'slag', ',', 'the', 'good', 'you', 'ever', 'have', 'the', 'good', 'you', 'ever', 'have', 'be', 'just', 'a', 'memory', 'and', 'those', 'dream', 'be', 'not', 'as', 'daft', 'as', 'they', 'seem', 'as', 'daft', 'as', 'they', 'seem', ',', 'my', 'love', ',', 'when', 'you', 'dream', 'they', 'up', 'flick', 'through', 'a', 'little', 'book', 'of', 'sex', 'tip', 'remember', 'when', 'the', 'boy', 'be', 'all', 'electric', '?', 'and', 'now', ',', 'when', 'she', 'be', 'tell', 'she', 'be', 'go', 'to', 'get', 'it', 'I', 'be', 'guess', 'that', 'she', 'would', 'rather', 'just', 'forget', 'it', 'cling', 'to', 'not', 'get', 'sentimental', 'say', 'she', 'be', 'not', 'go', 'but', 'she', 'go', 'still', 'like', 'her', 'gentleman', 'not', 'to', 'be', 'gentle', 'be', 'it', 'a', 'mecca', 'dauber', 'or', 'a', 'bet', 'pencil', '?', 'oh', ',', 'the', 'boy', 'be', 'a', 'slag', ',', 'the', 'good', 'you', 'ever', 'have', 'the', 'good', 'you', 'ever', 'have', 'be', 'just', 'a', 'memory', 'and', 'those', 'dream', 'be', 'not', 'as', 'daft', 'as', 'they', 'seem', 'not', 'as', 'daft', 'as', 'they', 'seem', ',', 'my', 'love', ',', 'when', 'you', 'dream', 'they', 'up', 'oh', ',', 'flo', ',', 'where', 'do', 'you', 'go', '?', 'where', 'do', 'you', 'go', '?', 'where', 'do', 'you', 'go', '?', 'you', 'be', 'fall', 'about', 'you', 'take', 'a', 'left', 'off', 'last', 'laugh', 'lane', 'just', 'sound', 'it', 'out', 'but', 'you', 'be', 'not', 'come', 'back', 'again', 'you', 'be', 'fall', 'about', 'you', 'take', 'a', 'left', 'off', 'last', 'laugh', 'lane', 'you', 'be', 'just', 'sound', 'it', 'out', 'but', 'you', 'be', 'not', 'come', 'back', 'again', 'you', 'use', 'to', 'get', 'it', 'in', 'your', 'fishnet', '(', 'fall', 'about', ')', 'now', 'you', 'only', 'get', 'it', 'in', 'your', 'night', 'dress', 'discard', 'all', 'the', 'naughty', 'night', 'for', 'niceness', '(', 'you', 'take', 'a', 'left', 'off', 'last', 'laugh', 'lane', ')', 'land', 'in', 'a', 'very', 'common', 'crisis', 'everything', 'be', 'in', 'order', 'in', 'a', 'black', 'hole', '(', 'you', 'be', 'just', 'sound', 'it', 'out', ')', 'be', 'anything', 'as', 'pretty', 'in', 'the', 'past', 'though', '?', 'that', 'bloody', 'mary', ""'s"", 'lacking', 'in', 'tabasco', '(', 'you', 'be', 'not', 'come', 'back', 'again', ')', 'remember', 'when', 'you', 'use', 'to', 'be', 'a', 'rascal', ',', 'oh', '?']","['PRON', 'VERB', 'PART', 'VERB', 'PRON', 'ADP', 'PRON', 'NOUN', 'ADV', 'PRON', 'ADV', 'VERB', 'PRON', 'ADP', 'PRON', 'NOUN', 'NOUN', 'VERB', 'DET', 'DET', 'ADJ', 'NOUN', 'ADP', 'NOUN', 'VERB', 'ADP', 'DET', 'ADV', 'ADJ', 'NOUN', 'PRON', 'AUX', 'ADP', 'NOUN', 'ADP', 'DET', 'ADJ', 'NOUN', 'PRON', 'VERB', 'ADV', 'ADV', 'ADP', 'DET', 'NOUN', 'SCONJ', 'PRON', 'ADJ', 'PROPN', 'PART', 'NOUN', 'ADP', 'NOUN', 'VERB', 'SCONJ', 'PRON', 'VERB', 'PART', 'AUX', 'DET', 'NOUN', 'PUNCT', 'INTJ', 'PUNCT', 'DET', 'NOUN', 'AUX', 'DET', 'NOUN', 'PUNCT', 'DET', 'ADJ', 'PRON', 'ADV', 'VERB', 'DET', 'ADJ', 'PRON', 'ADV', 'VERB', 'AUX', 'ADV', 'DET', 'NOUN', 'CCONJ', 'DET', 'NOUN', 'AUX', 'PART', 'ADV', 'NOUN', 'SCONJ', 'PRON', 'VERB', 'ADP', 'NOUN', 'SCONJ', 'PRON', 'VERB', 'PUNCT', 'PRON', 'NOUN', 'PUNCT', 'SCONJ', 'PRON', 'VERB', 'PRON', 'ADP', 'VERB', 'ADP', 'DET', 'ADJ', 'NOUN', 'ADP', 'NOUN', 'NOUN', 'VERB', 'SCONJ', 'DET', 'NOUN', 'AUX', 'PRON', 'ADJ', 'PUNCT', 'CCONJ', 'ADV', 'PUNCT', 'SCONJ', 'PRON', 'AUX', 'VERB', 'PRON', 'AUX', 'VERB', 'PART', 'VERB', 'PRON', 'PRON', 'AUX', 'VERB', 'SCONJ', 'PRON', 'AUX', 'ADV', 'ADV', 'VERB', 'PRON', 'VERB', 'ADP', 'PART', 'VERB', 'ADJ', 'VERB', 'PRON', 'AUX', 'PART', 'VERB', 'CCONJ', 'PRON', 'VERB', 'ADV', 'VERB', 'PRON', 'NOUN', 'PART', 'PART', 'AUX', 'ADJ', 'AUX', 'PRON', 'DET', 'PROPN', 'PROPN', 'CCONJ', 'DET', 'VERB', 'NOUN', 'PUNCT', 'INTJ', 'PUNCT', 'DET', 'NOUN', 'AUX', 'DET', 'NOUN', 'PUNCT', 'DET', 'ADJ', 'PRON', 'ADV', 'VERB', 'DET', 'ADJ', 'PRON', 'ADV', 'VERB', 'AUX', 'ADV', 'DET', 'NOUN', 'CCONJ', 'DET', 'NOUN', 'AUX', 'PART', 'ADV', 'NOUN', 'SCONJ', 'PRON', 'VERB', 'PART', 'ADP', 'NOUN', 'SCONJ', 'PRON', 'VERB', 'PUNCT', 'PRON', 'NOUN', 'PUNCT', 'SCONJ', 'PRON', 'VERB', 'PRON', 'ADP', 'INTJ', 'PUNCT', 'PROPN', 'PUNCT', 'SCONJ', 'AUX', 'PRON', 'VERB', 'PUNCT', 'SCONJ', 'AUX', 'PRON', 'VERB', 'PUNCT', 'SCONJ', 'AUX', 'PRON', 'VERB', 'PUNCT', 'PRON', 'AUX', 'VERB', 'ADP', 'PRON', 'VERB', 'DET', 'NOUN', 'ADP', 'ADJ', 'NOUN', 'NOUN', 'ADV', 'VERB', 'PRON', 'ADP', 'CCONJ', 'PRON', 'AUX', 'PART', 'VERB', 'ADV', 'ADV', 'PRON', 'AUX', 'VERB', 'ADP', 'PRON', 'VERB', 'DET', 'NOUN', 'ADP', 'ADJ', 'NOUN', 'NOUN', 'PRON', 'AUX', 'ADV', 'VERB', 'PRON', 'ADP', 'CCONJ', 'PRON', 'AUX', 'PART', 'VERB', 'ADV', 'ADV', 'PRON', 'VERB', 'PART', 'VERB', 'PRON', 'ADP', 'PRON', 'NOUN', 'PUNCT', 'VERB', 'ADP', 'PUNCT', 'ADV', 'PRON', 'ADV', 'VERB', 'PRON', 'ADP', 'PRON', 'NOUN', 'NOUN', 'VERB', 'DET', 'DET', 'ADJ', 'NOUN', 'ADP', 'NOUN', 'PUNCT', 'PRON', 'VERB', 'DET', 'NOUN', 'ADP', 'ADJ', 'NOUN', 'NOUN', 'PUNCT', 'VERB', 'ADP', 'DET', 'ADV', 'ADJ', 'NOUN', 'PRON', 'AUX', 'ADP', 'NOUN', 'ADP', 'DET', 'ADJ', 'NOUN', 'PUNCT', 'PRON', 'AUX', 'ADV', 'VERB', 'PRON', 'ADP', 'PUNCT', 'AUX', 'PRON', 'ADV', 'ADV', 'ADP', 'DET', 'NOUN', 'ADV', 'PUNCT', 'DET', 'ADJ', 'PROPN', 'PART', 'NOUN', 'ADP', 'NOUN', 'PUNCT', 'PRON', 'AUX', 'PART', 'VERB', 'ADV', 'ADV', 'PUNCT', 'VERB', 'SCONJ', 'PRON', 'VERB', 'PART', 'AUX', 'DET', 'NOUN', 'PUNCT', 'INTJ', 'PUNCT']","['mary', 'mecca', 'dauber', 'flo', 'mary']","['TIME', 'TIME']","['night', 'night']"
2,song3,The Jeweller's Hands,Arctic Monkeys,2009,"Fiendish wonder in the carnival's wake
Dull caresses once again irritate
Tread softly, stranger
Move over toward the danger that you seek
You think excitement has receded then the mirror distracts
Logic of the trance quickly reaches and grasps
Handsome and faceless and weightless
Your imagination roams
 
And now it's no one's fault but yours
At the foot of the house of cards
You thought you'd never get obsessed
You thought the wolves would be impressed
And you're a sinking stone
But you know what it's like to hold the jeweller's hands
That procession of pioneers all drowned
 
In the moonlight they're more thrilling, those things that he knows
As he leads you through the grinning bubble blowers in the snow
Watching his exit
Was like falling off the ferry in the night
The inevitables gather to push you around
Any other voice makes such a punishing sound
He became laughter's assassin
Shortly after he showed you what it was
 
And now it's no one's fault but yours
At the foot of the house of cards
You thought you'd never get obsessed
You thought the wolves would be impressed
And you're a sinking stone
But you know what it's like to hold the jeweller's hands
That procession of pioneers all drowned
 
If you've a lesson to teach me
I'm listening, and ready to learn
There's no one here to police me
I'm sinking in until the return
If you've a lesson to teach
Please, don't deviate, don't be afraid
Without the last corner piece
I can't calibrate, let's get it ingrained
If you've a lesson to teach me
I'm listening, and ready to learn
There's no one here to police me
I'm sinking in until the return
If you've a lesson to teach
Please, don't deviate, don't be afraid
Without the last corner piece
I can't calibrate, let's get it ingrained
If you've a lesson to teach me
I'm listening, and ready to learn
There's no one here to police me
I'm sinking in until the return
If you've a lesson to teach
Please, don't deviate, don't be afraid
Without the last corner piece
I can't calibrate, let's get it ingrained","fiendish wonder in the carnival's wake dull caresses once again irritate tread softly, stranger move over toward the danger that you seek you think excitement has receded then the mirror distracts logic of the trance quickly reaches and grasps handsome and faceless and weightless your imagination roams and now it is no one's fault but yours at the foot of the house of cards you thought you'd never get obsessed you thought the wolves would be impressed and you are a sinking stone but you know what it is like to hold the jeweller's hands that procession of pioneers all drowned in the moonlight they are more thrilling, those things that he knows as he leads you through the grinning bubble blowers in the snow watching his exit was like falling off the ferry in the night the inevitables gather to push you around any other voice makes such a punishing sound he became laughter's assassin shortly after he showed you what it was and now it is no one's fault but yours at the foot of the house of cards you thought you'd never get obsessed you thought the wolves would be impressed and you are a sinking stone but you know what it is like to hold the jeweller's hands that procession of pioneers all drowned if you have a lesson to teach me i am listening, and ready to learn there is no one here to police me i am sinking in until the return if you have a lesson to teach please, do not deviate, do not be afraid without the last corner piece i cannot calibrate, let's get it ingrained if you have a lesson to teach me i am listening, and ready to learn there is no one here to police me i am sinking in until the return if you have a lesson to teach please, do not deviate, do not be afraid without the last corner piece i cannot calibrate, let's get it ingrained if you have a lesson to teach me i am listening, and ready to learn there is no one here to police me i am sinking in until the return if you have a lesson to teach please, do not deviate, do not be afraid without the last corner piece i cannot calibrate, let's get it ingrained","['fiendish', 'wonder', 'in', 'the', 'carnival', ""'s"", 'wake', 'dull', 'caresses', 'once', 'again', 'irritate', 'tread', 'softly', ',', 'stranger', 'move', 'over', 'toward', 'the', 'danger', 'that', 'you', 'seek', 'you', 'think', 'excitement', 'has', 'receded', 'then', 'the', 'mirror', 'distracts', 'logic', 'of', 'the', 'trance', 'quickly', 'reaches', 'and', 'grasps', 'handsome', 'and', 'faceless', 'and', 'weightless', 'your', 'imagination', 'roams', 'and', 'now', 'it', 'is', 'no', 'one', ""'s"", 'fault', 'but', 'yours', 'at', 'the', 'foot', 'of', 'the', 'house', 'of', 'cards', 'you', 'thought', 'you', ""'d"", 'never', 'get', 'obsessed', 'you', 'thought', 'the', 'wolves', 'would', 'be', 'impressed', 'and', 'you', 'are', 'a', 'sinking', 'stone', 'but', 'you', 'know', 'what', 'it', 'is', 'like', 'to', 'hold', 'the', 'jeweller', ""'s"", 'hands', 'that', 'procession', 'of', 'pioneers', 'all', 'drowned', 'in', 'the', 'moonlight', 'they', 'are', 'more', 'thrilling', ',', 'those', 'things', 'that', 'he', 'knows', 'as', 'he', 'leads', 'you', 'through', 'the', 'grinning', 'bubble', 'blowers', 'in', 'the', 'snow', 'watching', 'his', 'exit', 'was', 'like', 'falling', 'off', 'the', 'ferry', 'in', 'the', 'night', 'the', 'inevitables', 'gather', 'to', 'push', 'you', 'around', 'any', 'other', 'voice', 'makes', 'such', 'a', 'punishing', 'sound', 'he', 'became', 'laughter', ""'s"", 'assassin', 'shortly', 'after', 'he', 'showed', 'you', 'what', 'it', 'was', 'and', 'now', 'it', 'is', 'no', 'one', ""'s"", 'fault', 'but', 'yours', 'at', 'the', 'foot', 'of', 'the', 'house', 'of', 'cards', 'you', 'thought', 'you', ""'d"", 'never', 'get', 'obsessed', 'you', 'thought', 'the', 'wolves', 'would', 'be', 'impressed', 'and', 'you', 'are', 'a', 'sinking', 'stone', 'but', 'you', 'know', 'what', 'it', 'is', 'like', 'to', 'hold', 'the', 'jeweller', ""'s"", 'hands', 'that', 'procession', 'of', 'pioneers', 'all', 'drowned', 'if', 'you', 'have', 'a', 'lesson', 'to', 'teach', 'me', 'i', 'am', 'listening', ',', 'and', 'ready', 'to', 'learn', 'there', 'is', 'no', 'one', 'here', 'to', 'police', 'me', 'i', 'am', 'sinking', 'in', 'until', 'the', 'return', 'if', 'you', 'have', 'a', 'lesson', 'to', 'teach', 'please', ',', 'do', 'not', 'deviate', ',', 'do', 'not', 'be', 'afraid', 'without', 'the', 'last', 'corner', 'piece', 'i', 'can', 'not', 'calibrate', ',', 'let', ""'s"", 'get', 'it', 'ingrained', 'if', 'you', 'have', 'a', 'lesson', 'to', 'teach', 'me', 'i', 'am', 'listening', ',', 'and', 'ready', 'to', 'learn', 'there', 'is', 'no', 'one', 'here', 'to', 'police', 'me', 'i', 'am', 'sinking', 'in', 'until', 'the', 'return', 'if', 'you', 'have', 'a', 'lesson', 'to', 'teach', 'please', ',', 'do', 'not', 'deviate', ',', 'do', 'not', 'be', 'afraid', 'without', 'the', 'last', 'corner', 'piece', 'i', 'can', 'not', 'calibrate', ',', 'let', ""'s"", 'get', 'it', 'ingrained', 'if', 'you', 'have', 'a', 'lesson', 'to', 'teach', 'me', 'i', 'am', 'listening', ',', 'and', 'ready', 'to', 'learn', 'there', 'is', 'no', 'one', 'here', 'to', 'police', 'me', 'i', 'am', 'sinking', 'in', 'until', 'the', 'return', 'if', 'you', 'have', 'a', 'lesson', 'to', 'teach', 'please', ',', 'do', 'not', 'deviate', ',', 'do', 'not', 'be', 'afraid', 'without', 'the', 'last', 'corner', 'piece', 'i', 'can', 'not', 'calibrate', ',', 'let', ""'s"", 'get', 'it', 'ingrained']","['fiendish', 'wonder', 'in', 'the', 'carnival', ""'s"", 'wake', 'dull', 'caress', 'once', 'again', 'irritate', 'tread', 'softly', ',', 'stranger', 'move', 'over', 'toward', 'the', 'danger', 'that', 'you', 'seek', 'you', 'think', 'excitement', 'have', 'recede', 'then', 'the', 'mirror', 'distract', 'logic', 'of', 'the', 'trance', 'quickly', 'reach', 'and', 'grasp', 'handsome', 'and', 'faceless', 'and', 'weightless', 'your', 'imagination', 'roam', 'and', 'now', 'it', 'be', 'no', 'one', ""'s"", 'fault', 'but', 'yours', 'at', 'the', 'foot', 'of', 'the', 'house', 'of', 'card', 'you', 'think', 'you', 'would', 'never', 'get', 'obsess', 'you', 'think', 'the', 'wolf', 'would', 'be', 'impressed', 'and', 'you', 'be', 'a', 'sink', 'stone', 'but', 'you', 'know', 'what', 'it', 'be', 'like', 'to', 'hold', 'the', 'jeweller', ""'s"", 'hand', 'that', 'procession', 'of', 'pioneer', 'all', 'drown', 'in', 'the', 'moonlight', 'they', 'be', 'more', 'thrilling', ',', 'those', 'thing', 'that', 'he', 'know', 'as', 'he', 'lead', 'you', 'through', 'the', 'grinning', 'bubble', 'blower', 'in', 'the', 'snow', 'watch', 'his', 'exit', 'be', 'like', 'fall', 'off', 'the', 'ferry', 'in', 'the', 'night', 'the', 'inevitable', 'gather', 'to', 'push', 'you', 'around', 'any', 'other', 'voice', 'make', 'such', 'a', 'punish', 'sound', 'he', 'become', 'laughter', ""'s"", 'assassin', 'shortly', 'after', 'he', 'show', 'you', 'what', 'it', 'be', 'and', 'now', 'it', 'be', 'no', 'one', ""'s"", 'fault', 'but', 'yours', 'at', 'the', 'foot', 'of', 'the', 'house', 'of', 'card', 'you', 'think', 'you', 'would', 'never', 'get', 'obsess', 'you', 'think', 'the', 'wolf', 'would', 'be', 'impressed', 'and', 'you', 'be', 'a', 'sink', 'stone', 'but', 'you', 'know', 'what', 'it', 'be', 'like', 'to', 'hold', 'the', 'jeweller', ""'s"", 'hand', 'that', 'procession', 'of', 'pioneer', 'all', 'drown', 'if', 'you', 'have', 'a', 'lesson', 'to', 'teach', 'I', 'I', 'be', 'listen', ',', 'and', 'ready', 'to', 'learn', 'there', 'be', 'no', 'one', 'here', 'to', 'police', 'I', 'I', 'be', 'sink', 'in', 'until', 'the', 'return', 'if', 'you', 'have', 'a', 'lesson', 'to', 'teach', 'please', ',', 'do', 'not', 'deviate', ',', 'do', 'not', 'be', 'afraid', 'without', 'the', 'last', 'corner', 'piece', 'I', 'can', 'not', 'calibrate', ',', 'let', 'us', 'get', 'it', 'ingrained', 'if', 'you', 'have', 'a', 'lesson', 'to', 'teach', 'I', 'I', 'be', 'listen', ',', 'and', 'ready', 'to', 'learn', 'there', 'be', 'no', 'one', 'here', 'to', 'police', 'I', 'I', 'be', 'sink', 'in', 'until', 'the', 'return', 'if', 'you', 'have', 'a', 'lesson', 'to', 'teach', 'please', ',', 'do', 'not', 'deviate', ',', 'do', 'not', 'be', 'afraid', 'without', 'the', 'last', 'corner', 'piece', 'I', 'can', 'not', 'calibrate', ',', 'let', 'us', 'get', 'it', 'ingrained', 'if', 'you', 'have', 'a', 'lesson', 'to', 'teach', 'I', 'I', 'be', 'listen', ',', 'and', 'ready', 'to', 'learn', 'there', 'be', 'no', 'one', 'here', 'to', 'police', 'I', 'I', 'be', 'sink', 'in', 'until', 'the', 'return', 'if', 'you', 'have', 'a', 'lesson', 'to', 'teach', 'please', ',', 'do', 'not', 'deviate', ',', 'do', 'not', 'be', 'afraid', 'without', 'the', 'last', 'corner', 'piece', 'I', 'can', 'not', 'calibrate', ',', 'let', 'us', 'get', 'it', 'ingrained']","['ADJ', 'NOUN', 'ADP', 'DET', 'NOUN', 'PART', 'ADJ', 'ADJ', 'NOUN', 'ADV', 'ADV', 'VERB', 'NOUN', 'ADV', 'PUNCT', 'ADJ', 'NOUN', 'ADP', 'ADP', 'DET', 'NOUN', 'PRON', 'PRON', 'VERB', 'PRON', 'VERB', 'NOUN', 'AUX', 'VERB', 'ADV', 'DET', 'NOUN', 'VERB', 'NOUN', 'ADP', 'DET', 'NOUN', 'ADV', 'VERB', 'CCONJ', 'VERB', 'ADJ', 'CCONJ', 'NOUN', 'CCONJ', 'VERB', 'PRON', 'NOUN', 'VERB', 'CCONJ', 'ADV', 'PRON', 'AUX', 'DET', 'NOUN', 'PART', 'NOUN', 'CCONJ', 'PRON', 'ADP', 'DET', 'NOUN', 'ADP', 'DET', 'NOUN', 'ADP', 'NOUN', 'PRON', 'VERB', 'PRON', 'AUX', 'ADV', 'AUX', 'VERB', 'PRON', 'VERB', 'DET', 'NOUN', 'AUX', 'AUX', 'ADJ', 'CCONJ', 'PRON', 'AUX', 'DET', 'VERB', 'NOUN', 'CCONJ', 'PRON', 'VERB', 'PRON', 'PRON', 'AUX', 'ADP', 'PART', 'VERB', 'DET', 'NOUN', 'PART', 'NOUN', 'DET', 'NOUN', 'ADP', 'NOUN', 'PRON', 'VERB', 'ADP', 'DET', 'NOUN', 'PRON', 'AUX', 'ADV', 'NOUN', 'PUNCT', 'DET', 'NOUN', 'PRON', 'PRON', 'VERB', 'SCONJ', 'PRON', 'VERB', 'PRON', 'ADP', 'DET', 'NOUN', 'NOUN', 'NOUN', 'ADP', 'DET', 'NOUN', 'VERB', 'PRON', 'NOUN', 'AUX', 'ADP', 'VERB', 'ADP', 'DET', 'NOUN', 'ADP', 'DET', 'NOUN', 'DET', 'NOUN', 'VERB', 'PART', 'VERB', 'PRON', 'ADP', 'DET', 'ADJ', 'NOUN', 'VERB', 'DET', 'DET', 'VERB', 'NOUN', 'PRON', 'VERB', 'NOUN', 'PART', 'NOUN', 'ADV', 'SCONJ', 'PRON', 'VERB', 'PRON', 'PRON', 'PRON', 'AUX', 'CCONJ', 'ADV', 'PRON', 'AUX', 'DET', 'NOUN', 'PART', 'NOUN', 'CCONJ', 'PRON', 'ADP', 'DET', 'NOUN', 'ADP', 'DET', 'NOUN', 'ADP', 'NOUN', 'PRON', 'VERB', 'PRON', 'AUX', 'ADV', 'AUX', 'VERB', 'PRON', 'VERB', 'DET', 'NOUN', 'AUX', 'AUX', 'ADJ', 'CCONJ', 'PRON', 'AUX', 'DET', 'VERB', 'NOUN', 'CCONJ', 'PRON', 'VERB', 'PRON', 'PRON', 'AUX', 'ADP', 'PART', 'VERB', 'DET', 'NOUN', 'PART', 'NOUN', 'DET', 'NOUN', 'ADP', 'NOUN', 'PRON', 'VERB', 'SCONJ', 'PRON', 'VERB', 'DET', 'NOUN', 'PART', 'VERB', 'PRON', 'PRON', 'AUX', 'VERB', 'PUNCT', 'CCONJ', 'ADJ', 'PART', 'VERB', 'PRON', 'VERB', 'DET', 'NOUN', 'ADV', 'PART', 'VERB', 'PRON', 'PRON', 'AUX', 'VERB', 'ADP', 'ADP', 'DET', 'NOUN', 'SCONJ', 'PRON', 'VERB', 'DET', 'NOUN', 'PART', 'VERB', 'INTJ', 'PUNCT', 'AUX', 'PART', 'VERB', 'PUNCT', 'AUX', 'PART', 'AUX', 'ADJ', 'ADP', 'DET', 'ADJ', 'NOUN', 'NOUN', 'PRON', 'AUX', 'PART', 'VERB', 'PUNCT', 'VERB', 'PRON', 'VERB', 'PRON', 'ADJ', 'SCONJ', 'PRON', 'VERB', 'DET', 'NOUN', 'PART', 'VERB', 'PRON', 'PRON', 'AUX', 'VERB', 'PUNCT', 'CCONJ', 'ADJ', 'PART', 'VERB', 'PRON', 'VERB', 'DET', 'NOUN', 'ADV', 'PART', 'VERB', 'PRON', 'PRON', 'AUX', 'VERB', 'ADP', 'ADP', 'DET', 'NOUN', 'SCONJ', 'PRON', 'VERB', 'DET', 'NOUN', 'PART', 'VERB', 'INTJ', 'PUNCT', 'AUX', 'PART', 'VERB', 'PUNCT', 'AUX', 'PART', 'AUX', 'ADJ', 'ADP', 'DET', 'ADJ', 'NOUN', 'NOUN', 'PRON', 'AUX', 'PART', 'VERB', 'PUNCT', 'VERB', 'PRON', 'VERB', 'PRON', 'ADJ', 'SCONJ', 'PRON', 'VERB', 'DET', 'NOUN', 'PART', 'VERB', 'PRON', 'PRON', 'AUX', 'VERB', 'PUNCT', 'CCONJ', 'ADJ', 'PART', 'VERB', 'PRON', 'VERB', 'DET', 'NOUN', 'ADV', 'PART', 'VERB', 'PRON', 'PRON', 'AUX', 'VERB', 'ADP', 'ADP', 'DET', 'NOUN', 'SCONJ', 'PRON', 'VERB', 'DET', 'NOUN', 'PART', 'VERB', 'INTJ', 'PUNCT', 'AUX', 'PART', 'VERB', 'PUNCT', 'AUX', 'PART', 'AUX', 'ADJ', 'ADP', 'DET', 'ADJ', 'NOUN', 'NOUN', 'PRON', 'AUX', 'PART', 'VERB', 'PUNCT', 'VERB', 'PRON', 'VERB', 'PRON', 'ADJ']",[],"['NORP', 'TIME']","['fiendish', 'the night']"
3,song4,Piledriver Waltz,Arctic Monkeys,2011,"I etched the face of a stopwatch on the back of a raindrop
And did a swap for the sand in an hourglass
I heard an unhappy ending, it sort of sounds like you leaving
I heard the piledriver waltz, it woke me up this morning

You look like you've been for breakfast
At the heartbreak hotel
And sat in the back booth by the pamphlets
And the literature on how to lose
Your waitress was miserable
And so was your food
If you're gonna try and walk on water
Make sure you wear your comfortable shoes

Mysteries flashing amber go green when you answer
But the red on the rest of the questionnaire never changes
I heard the news that you're planning to shoot me out of a cannon
I heard the piledriver waltz, it woke me up this morning


You look like you've been for breakfast
At the heartbreak hotel
And sat in the back booth by the pamphlets
And the literature on how to lose
Your waitress was miserable
And so was your food
If you're gonna try and walk on water
Make sure you wear your comfortable shoes

Oh-oh, oh-oh
Piledriver","i etched the face of a stopwatch on the back of a raindrop and did a swap for the sand in an hourglass i heard an unhappy ending, it sort of sounds like you leaving i heard the piledriver waltz, it woke me up this morning you look like you have been for breakfast at the heartbreak hotel and sat in the back booth by the pamphlets and the literature on how to lose your waitress was miserable and so was your food if you are going to try and walk on water make sure you wear your comfortable shoes mysteries flashing amber go green when you answer but the red on the rest of the questionnaire never changes i heard the news that you are planning to shoot me out of a cannon i heard the piledriver waltz, it woke me up this morning you look like you have been for breakfast at the heartbreak hotel and sat in the back booth by the pamphlets and the literature on how to lose your waitress was miserable and so was your food if you are going to try and walk on water make sure you wear your comfortable shoes oh-oh, oh-oh piledriver","['i', 'etched', 'the', 'face', 'of', 'a', 'stopwatch', 'on', 'the', 'back', 'of', 'a', 'raindrop', 'and', 'did', 'a', 'swap', 'for', 'the', 'sand', 'in', 'an', 'hourglass', 'i', 'heard', 'an', 'unhappy', 'ending', ',', 'it', 'sort', 'of', 'sounds', 'like', 'you', 'leaving', 'i', 'heard', 'the', 'piledriver', 'waltz', ',', 'it', 'woke', 'me', 'up', 'this', 'morning', 'you', 'look', 'like', 'you', 'have', 'been', 'for', 'breakfast', 'at', 'the', 'heartbreak', 'hotel', 'and', 'sat', 'in', 'the', 'back', 'booth', 'by', 'the', 'pamphlets', 'and', 'the', 'literature', 'on', 'how', 'to', 'lose', 'your', 'waitress', 'was', 'miserable', 'and', 'so', 'was', 'your', 'food', 'if', 'you', 'are', 'going', 'to', 'try', 'and', 'walk', 'on', 'water', 'make', 'sure', 'you', 'wear', 'your', 'comfortable', 'shoes', 'mysteries', 'flashing', 'amber', 'go', 'green', 'when', 'you', 'answer', 'but', 'the', 'red', 'on', 'the', 'rest', 'of', 'the', 'questionnaire', 'never', 'changes', 'i', 'heard', 'the', 'news', 'that', 'you', 'are', 'planning', 'to', 'shoot', 'me', 'out', 'of', 'a', 'cannon', 'i', 'heard', 'the', 'piledriver', 'waltz', ',', 'it', 'woke', 'me', 'up', 'this', 'morning', 'you', 'look', 'like', 'you', 'have', 'been', 'for', 'breakfast', 'at', 'the', 'heartbreak', 'hotel', 'and', 'sat', 'in', 'the', 'back', 'booth', 'by', 'the', 'pamphlets', 'and', 'the', 'literature', 'on', 'how', 'to', 'lose', 'your', 'waitress', 'was', 'miserable', 'and', 'so', 'was', 'your', 'food', 'if', 'you', 'are', 'going', 'to', 'try', 'and', 'walk', 'on', 'water', 'make', 'sure', 'you', 'wear', 'your', 'comfortable', 'shoes', 'oh', '-', 'oh', ',', 'oh', '-', 'oh', 'piledriver']","['I', 'etch', 'the', 'face', 'of', 'a', 'stopwatch', 'on', 'the', 'back', 'of', 'a', 'raindrop', 'and', 'do', 'a', 'swap', 'for', 'the', 'sand', 'in', 'an', 'hourglass', 'I', 'hear', 'an', 'unhappy', 'ending', ',', 'it', 'sort', 'of', 'sound', 'like', 'you', 'leave', 'I', 'hear', 'the', 'piledriver', 'waltz', ',', 'it', 'wake', 'I', 'up', 'this', 'morning', 'you', 'look', 'like', 'you', 'have', 'be', 'for', 'breakfast', 'at', 'the', 'heartbreak', 'hotel', 'and', 'sit', 'in', 'the', 'back', 'booth', 'by', 'the', 'pamphlet', 'and', 'the', 'literature', 'on', 'how', 'to', 'lose', 'your', 'waitress', 'be', 'miserable', 'and', 'so', 'be', 'your', 'food', 'if', 'you', 'be', 'go', 'to', 'try', 'and', 'walk', 'on', 'water', 'make', 'sure', 'you', 'wear', 'your', 'comfortable', 'shoe', 'mystery', 'flash', 'amber', 'go', 'green', 'when', 'you', 'answer', 'but', 'the', 'red', 'on', 'the', 'rest', 'of', 'the', 'questionnaire', 'never', 'change', 'I', 'hear', 'the', 'news', 'that', 'you', 'be', 'plan', 'to', 'shoot', 'I', 'out', 'of', 'a', 'cannon', 'I', 'hear', 'the', 'piledriver', 'waltz', ',', 'it', 'wake', 'I', 'up', 'this', 'morning', 'you', 'look', 'like', 'you', 'have', 'be', 'for', 'breakfast', 'at', 'the', 'heartbreak', 'hotel', 'and', 'sit', 'in', 'the', 'back', 'booth', 'by', 'the', 'pamphlet', 'and', 'the', 'literature', 'on', 'how', 'to', 'lose', 'your', 'waitress', 'be', 'miserable', 'and', 'so', 'be', 'your', 'food', 'if', 'you', 'be', 'go', 'to', 'try', 'and', 'walk', 'on', 'water', 'make', 'sure', 'you', 'wear', 'your', 'comfortable', 'shoe', 'oh', '-', 'oh', ',', 'oh', '-', 'oh', 'piledriver']","['PRON', 'VERB', 'DET', 'NOUN', 'ADP', 'DET', 'NOUN', 'ADP', 'DET', 'NOUN', 'ADP', 'DET', 'NOUN', 'CCONJ', 'VERB', 'DET', 'NOUN', 'ADP', 'DET', 'NOUN', 'ADP', 'DET', 'NOUN', 'PRON', 'VERB', 'DET', 'ADJ', 'NOUN', 'PUNCT', 'PRON', 'ADV', 'ADV', 'NOUN', 'SCONJ', 'PRON', 'VERB', 'PRON', 'VERB', 'DET', 'ADJ', 'NOUN', 'PUNCT', 'PRON', 'VERB', 'PRON', 'ADP', 'DET', 'NOUN', 'PRON', 'VERB', 'SCONJ', 'PRON', 'AUX', 'AUX', 'ADP', 'NOUN', 'ADP', 'DET', 'ADJ', 'NOUN', 'CCONJ', 'VERB', 'ADP', 'DET', 'ADJ', 'NOUN', 'ADP', 'DET', 'NOUN', 'CCONJ', 'DET', 'NOUN', 'ADP', 'SCONJ', 'PART', 'VERB', 'PRON', 'NOUN', 'AUX', 'ADJ', 'CCONJ', 'ADV', 'AUX', 'PRON', 'NOUN', 'SCONJ', 'PRON', 'AUX', 'VERB', 'PART', 'VERB', 'CCONJ', 'VERB', 'ADP', 'NOUN', 'VERB', 'ADJ', 'PRON', 'VERB', 'PRON', 'ADJ', 'NOUN', 'NOUN', 'VERB', 'PROPN', 'VERB', 'ADJ', 'SCONJ', 'PRON', 'VERB', 'CCONJ', 'DET', 'NOUN', 'ADP', 'DET', 'NOUN', 'ADP', 'DET', 'NOUN', 'ADV', 'VERB', 'PRON', 'VERB', 'DET', 'NOUN', 'SCONJ', 'PRON', 'AUX', 'VERB', 'PART', 'VERB', 'PRON', 'ADP', 'ADP', 'DET', 'NOUN', 'PRON', 'VERB', 'DET', 'ADJ', 'NOUN', 'PUNCT', 'PRON', 'VERB', 'PRON', 'ADP', 'DET', 'NOUN', 'PRON', 'VERB', 'SCONJ', 'PRON', 'AUX', 'AUX', 'ADP', 'NOUN', 'ADP', 'DET', 'ADJ', 'NOUN', 'CCONJ', 'VERB', 'ADP', 'DET', 'ADJ', 'NOUN', 'ADP', 'DET', 'NOUN', 'CCONJ', 'DET', 'NOUN', 'ADP', 'SCONJ', 'PART', 'VERB', 'PRON', 'NOUN', 'AUX', 'ADJ', 'CCONJ', 'ADV', 'AUX', 'PRON', 'NOUN', 'SCONJ', 'PRON', 'AUX', 'VERB', 'PART', 'VERB', 'CCONJ', 'VERB', 'ADP', 'NOUN', 'VERB', 'ADJ', 'PRON', 'VERB', 'PRON', 'ADJ', 'NOUN', 'INTJ', 'INTJ', 'INTJ', 'PUNCT', 'INTJ', 'INTJ', 'INTJ', 'NOUN']",['amber'],"['TIME', 'TIME']","['this morning', 'this morning']"
4,song5,R U Mine?,Arctic Monkeys,2012,"I'm a puppet on a string
Tracy Island, time-traveling
Diamond cutter-shaped heartaches
That come to find you four in some velvet morning
Years too late, she's a silver lining
Lone ranger riding through an open space
In my mind when she's not right there beside me

I go crazy 'cause here isn't where I wanna be
And satisfaction feels like a distant memory
And I can't help myself, all I
Wanna hear her say is ""Are you mine?""
Well, are you mine?
Are you mine?
Are you mine? Oh, ah

I guess what I'm trying to say is I need the deep end
Keep imagining meeting, wished away entire lifetimes
Unfair we're not somewhere misbehaving for days
Great escape, lost track of time and space
She's a silver lining climbing on my desire

And I go crazy 'cause here isn't where I wanna be
And satisfaction feels like a distant memory
And I can't help myself, all I
Wanna hear her say is ""Are you mine?""
Well, are you mine? (Are you mine tomorrow?)
Are you mine? (Or just mine tonight?)
Are you mine? (Are you mine, mine?)

And the thrill of the chase moves in mysterious ways
So in case I'm mistaken, I
Just wanna hear you say, ""You got me, baby, are you mine?""

She's a silver lining
Lone ranger riding through an open space
In my mind when she's not right there beside me

I go crazy 'cause here isn't where I wanna be
And satisfaction feels like a distant memory
And I can't help myself, all I
Wanna hear her say is ""Are you mine?""
Well, are you mine? (Are you mine tomorrow?)
Are you mine? (Or just mine tonight?)
Are you mine? (Are you mine tomorrow?)
(Or just mine tonight?)
","i am a puppet on a string tracy island, time-traveling diamond cutter-shaped heartaches that come to find you four in some velvet morning years too late, she is a silver lining lone ranger riding through an open space in my mind when she is not right there beside me i go crazy 'cause here isn't where i want to be and satisfaction feels like a distant memory and i cannot help myself, all i want to hear her say is ""are you mine?"" well, are you mine? are you mine? are you mine? oh, ah i guess what i am trying to say is i need the deep end keep imagining meeting, wished away entire lifetimes unfair we are not somewhere misbehaving for days great escape, lost track of time and space she is a silver lining climbing on my desire and i go crazy 'cause here isn't where i want to be and satisfaction feels like a distant memory and i cannot help myself, all i want to hear her say is ""are you mine?"" well, are you mine? (are you mine tomorrow?) are you mine? (or just mine tonight?) are you mine? (are you mine, mine?) and the thrill of the chase moves in mysterious ways so in case i am mistaken, i just want to hear you say, ""you got me, baby, are you mine?"" she is a silver lining lone ranger riding through an open space in my mind when she is not right there beside me i go crazy 'cause here isn't where i want to be and satisfaction feels like a distant memory and i cannot help myself, all i want to hear her say is ""are you mine?"" well, are you mine? (are you mine tomorrow?) are you mine? (or just mine tonight?) are you mine? (are you mine tomorrow?) (or just mine tonight?)","['i', 'am', 'a', 'puppet', 'on', 'a', 'string', 'tracy', 'island', ',', 'time', '-', 'traveling', 'diamond', 'cutter', '-', 'shaped', 'heartaches', 'that', 'come', 'to', 'find', 'you', 'four', 'in', 'some', 'velvet', 'morning', 'years', 'too', 'late', ',', 'she', 'is', 'a', 'silver', 'lining', 'lone', 'ranger', 'riding', 'through', 'an', 'open', 'space', 'in', 'my', 'mind', 'when', 'she', 'is', 'not', 'right', 'there', 'beside', 'me', 'i', 'go', 'crazy', ""'cause"", 'here', 'is', ""n't"", 'where', 'i', 'want', 'to', 'be', 'and', 'satisfaction', 'feels', 'like', 'a', 'distant', 'memory', 'and', 'i', 'can', 'not', 'help', 'myself', ',', 'all', 'i', 'want', 'to', 'hear', 'her', 'say', 'is', '""', 'are', 'you', 'mine', '?', '""', 'well', ',', 'are', 'you', 'mine', '?', 'are', 'you', 'mine', '?', 'are', 'you', 'mine', '?', 'oh', ',', 'ah', 'i', 'guess', 'what', 'i', 'am', 'trying', 'to', 'say', 'is', 'i', 'need', 'the', 'deep', 'end', 'keep', 'imagining', 'meeting', ',', 'wished', 'away', 'entire', 'lifetimes', 'unfair', 'we', 'are', 'not', 'somewhere', 'misbehaving', 'for', 'days', 'great', 'escape', ',', 'lost', 'track', 'of', 'time', 'and', 'space', 'she', 'is', 'a', 'silver', 'lining', 'climbing', 'on', 'my', 'desire', 'and', 'i', 'go', 'crazy', ""'cause"", 'here', 'is', ""n't"", 'where', 'i', 'want', 'to', 'be', 'and', 'satisfaction', 'feels', 'like', 'a', 'distant', 'memory', 'and', 'i', 'can', 'not', 'help', 'myself', ',', 'all', 'i', 'want', 'to', 'hear', 'her', 'say', 'is', '""', 'are', 'you', 'mine', '?', '""', 'well', ',', 'are', 'you', 'mine', '?', '(', 'are', 'you', 'mine', 'tomorrow', '?', ')', 'are', 'you', 'mine', '?', '(', 'or', 'just', 'mine', 'tonight', '?', ')', 'are', 'you', 'mine', '?', '(', 'are', 'you', 'mine', ',', 'mine', '?', ')', 'and', 'the', 'thrill', 'of', 'the', 'chase', 'moves', 'in', 'mysterious', 'ways', 'so', 'in', 'case', 'i', 'am', 'mistaken', ',', 'i', 'just', 'want', 'to', 'hear', 'you', 'say', ',', '""', 'you', 'got', 'me', ',', 'baby', ',', 'are', 'you', 'mine', '?', '""', 'she', 'is', 'a', 'silver', 'lining', 'lone', 'ranger', 'riding', 'through', 'an', 'open', 'space', 'in', 'my', 'mind', 'when', 'she', 'is', 'not', 'right', 'there', 'beside', 'me', 'i', 'go', 'crazy', ""'cause"", 'here', 'is', ""n't"", 'where', 'i', 'want', 'to', 'be', 'and', 'satisfaction', 'feels', 'like', 'a', 'distant', 'memory', 'and', 'i', 'can', 'not', 'help', 'myself', ',', 'all', 'i', 'want', 'to', 'hear', 'her', 'say', 'is', '""', 'are', 'you', 'mine', '?', '""', 'well', ',', 'are', 'you', 'mine', '?', '(', 'are', 'you', 'mine', 'tomorrow', '?', ')', 'are', 'you', 'mine', '?', '(', 'or', 'just', 'mine', 'tonight', '?', ')', 'are', 'you', 'mine', '?', '(', 'are', 'you', 'mine', 'tomorrow', '?', ')', '(', 'or', 'just', 'mine', 'tonight', '?', ')']","['I', 'be', 'a', 'puppet', 'on', 'a', 'string', 'tracy', 'island', ',', 'time', '-', 'travel', 'diamond', 'cutter', '-', 'shape', 'heartache', 'that', 'come', 'to', 'find', 'you', 'four', 'in', 'some', 'velvet', 'morning', 'year', 'too', 'late', ',', 'she', 'be', 'a', 'silver', 'line', 'lone', 'ranger', 'ride', 'through', 'an', 'open', 'space', 'in', 'my', 'mind', 'when', 'she', 'be', 'not', 'right', 'there', 'beside', 'I', 'I', 'go', 'crazy', ""'cause"", 'here', 'be', 'not', 'where', 'I', 'want', 'to', 'be', 'and', 'satisfaction', 'feel', 'like', 'a', 'distant', 'memory', 'and', 'I', 'can', 'not', 'help', 'myself', ',', 'all', 'I', 'want', 'to', 'hear', 'she', 'say', 'be', '""', 'be', 'you', 'mine', '?', '""', 'well', ',', 'be', 'you', 'mine', '?', 'be', 'you', 'mine', '?', 'be', 'you', 'mine', '?', 'oh', ',', 'ah', 'I', 'guess', 'what', 'I', 'be', 'try', 'to', 'say', 'be', 'I', 'need', 'the', 'deep', 'end', 'keep', 'imagine', 'meeting', ',', 'wish', 'away', 'entire', 'lifetime', 'unfair', 'we', 'be', 'not', 'somewhere', 'misbehave', 'for', 'day', 'great', 'escape', ',', 'lose', 'track', 'of', 'time', 'and', 'space', 'she', 'be', 'a', 'silver', 'lining', 'climbing', 'on', 'my', 'desire', 'and', 'I', 'go', 'crazy', ""'cause"", 'here', 'be', 'not', 'where', 'I', 'want', 'to', 'be', 'and', 'satisfaction', 'feel', 'like', 'a', 'distant', 'memory', 'and', 'I', 'can', 'not', 'help', 'myself', ',', 'all', 'I', 'want', 'to', 'hear', 'she', 'say', 'be', '""', 'be', 'you', 'mine', '?', '""', 'well', ',', 'be', 'you', 'mine', '?', '(', 'be', 'you', 'mine', 'tomorrow', '?', ')', 'be', 'you', 'mine', '?', '(', 'or', 'just', 'mine', 'tonight', '?', ')', 'be', 'you', 'mine', '?', '(', 'be', 'you', 'mine', ',', 'mine', '?', ')', 'and', 'the', 'thrill', 'of', 'the', 'chase', 'move', 'in', 'mysterious', 'way', 'so', 'in', 'case', 'I', 'be', 'mistaken', ',', 'I', 'just', 'want', 'to', 'hear', 'you', 'say', ',', '""', 'you', 'get', 'I', ',', 'baby', ',', 'be', 'you', 'mine', '?', '""', 'she', 'be', 'a', 'silver', 'line', 'lone', 'ranger', 'ride', 'through', 'an', 'open', 'space', 'in', 'my', 'mind', 'when', 'she', 'be', 'not', 'right', 'there', 'beside', 'I', 'I', 'go', 'crazy', ""'cause"", 'here', 'be', 'not', 'where', 'I', 'want', 'to', 'be', 'and', 'satisfaction', 'feel', 'like', 'a', 'distant', 'memory', 'and', 'I', 'can', 'not', 'help', 'myself', ',', 'all', 'I', 'want', 'to', 'hear', 'she', 'say', 'be', '""', 'be', 'you', 'mine', '?', '""', 'well', ',', 'be', 'you', 'mine', '?', '(', 'be', 'you', 'mine', 'tomorrow', '?', ')', 'be', 'you', 'mine', '?', '(', 'or', 'just', 'mine', 'tonight', '?', ')', 'be', 'you', 'mine', '?', '(', 'be', 'you', 'mine', 'tomorrow', '?', ')', '(', 'or', 'just', 'mine', 'tonight', '?', ')']","['PRON', 'AUX', 'DET', 'NOUN', 'ADP', 'DET', 'NOUN', 'PROPN', 'NOUN', 'PUNCT', 'NOUN', 'PUNCT', 'VERB', 'NOUN', 'NOUN', 'PUNCT', 'VERB', 'NOUN', 'PRON', 'VERB', 'PART', 'VERB', 'PRON', 'NUM', 'ADP', 'DET', 'NOUN', 'NOUN', 'NOUN', 'ADV', 'ADV', 'PUNCT', 'PRON', 'AUX', 'DET', 'NOUN', 'VERB', 'ADJ', 'NOUN', 'VERB', 'ADP', 'DET', 'ADJ', 'NOUN', 'ADP', 'PRON', 'NOUN', 'SCONJ', 'PRON', 'AUX', 'PART', 'ADV', 'ADV', 'ADP', 'PRON', 'PRON', 'VERB', 'ADJ', 'SCONJ', 'ADV', 'AUX', 'PART', 'SCONJ', 'PRON', 'VERB', 'PART', 'AUX', 'CCONJ', 'NOUN', 'VERB', 'ADP', 'DET', 'ADJ', 'NOUN', 'CCONJ', 'PRON', 'AUX', 'PART', 'VERB', 'PRON', 'PUNCT', 'PRON', 'PRON', 'VERB', 'PART', 'VERB', 'PRON', 'VERB', 'AUX', 'PUNCT', 'AUX', 'PRON', 'ADJ', 'PUNCT', 'PUNCT', 'INTJ', 'PUNCT', 'AUX', 'PRON', 'ADJ', 'PUNCT', 'AUX', 'PRON', 'ADJ', 'PUNCT', 'AUX', 'PRON', 'ADJ', 'PUNCT', 'INTJ', 'PUNCT', 'INTJ', 'PRON', 'VERB', 'PRON', 'PRON', 'AUX', 'VERB', 'PART', 'VERB', 'AUX', 'PRON', 'VERB', 'DET', 'ADJ', 'NOUN', 'VERB', 'VERB', 'NOUN', 'PUNCT', 'VERB', 'ADV', 'ADJ', 'NOUN', 'ADJ', 'PRON', 'AUX', 'PART', 'ADV', 'VERB', 'ADP', 'NOUN', 'ADJ', 'NOUN', 'PUNCT', 'VERB', 'NOUN', 'ADP', 'NOUN', 'CCONJ', 'NOUN', 'PRON', 'AUX', 'DET', 'ADJ', 'NOUN', 'NOUN', 'ADP', 'PRON', 'NOUN', 'CCONJ', 'PRON', 'VERB', 'ADJ', 'SCONJ', 'ADV', 'AUX', 'PART', 'SCONJ', 'PRON', 'VERB', 'PART', 'AUX', 'CCONJ', 'NOUN', 'VERB', 'ADP', 'DET', 'ADJ', 'NOUN', 'CCONJ', 'PRON', 'AUX', 'PART', 'VERB', 'PRON', 'PUNCT', 'PRON', 'PRON', 'VERB', 'PART', 'VERB', 'PRON', 'VERB', 'AUX', 'PUNCT', 'AUX', 'PRON', 'ADJ', 'PUNCT', 'PUNCT', 'INTJ', 'PUNCT', 'AUX', 'PRON', 'ADJ', 'PUNCT', 'PUNCT', 'AUX', 'PRON', 'ADJ', 'NOUN', 'PUNCT', 'PUNCT', 'AUX', 'PRON', 'ADJ', 'PUNCT', 'PUNCT', 'CCONJ', 'ADV', 'NOUN', 'NOUN', 'PUNCT', 'PUNCT', 'AUX', 'PRON', 'ADJ', 'PUNCT', 'PUNCT', 'AUX', 'PRON', 'ADJ', 'PUNCT', 'NOUN', 'PUNCT', 'PUNCT', 'CCONJ', 'DET', 'NOUN', 'ADP', 'DET', 'NOUN', 'NOUN', 'ADP', 'ADJ', 'NOUN', 'SCONJ', 'ADP', 'NOUN', 'PRON', 'AUX', 'ADJ', 'PUNCT', 'PRON', 'ADV', 'VERB', 'PART', 'VERB', 'PRON', 'VERB', 'PUNCT', 'PUNCT', 'PRON', 'VERB', 'PRON', 'PUNCT', 'NOUN', 'PUNCT', 'AUX', 'PRON', 'ADJ', 'PUNCT', 'PUNCT', 'PRON', 'AUX', 'DET', 'NOUN', 'VERB', 'ADJ', 'NOUN', 'VERB', 'ADP', 'DET', 'ADJ', 'NOUN', 'ADP', 'PRON', 'NOUN', 'SCONJ', 'PRON', 'AUX', 'PART', 'ADV', 'ADV', 'ADP', 'PRON', 'PRON', 'VERB', 'ADJ', 'SCONJ', 'ADV', 'AUX', 'PART', 'SCONJ', 'PRON', 'VERB', 'PART', 'AUX', 'CCONJ', 'NOUN', 'VERB', 'ADP', 'DET', 'ADJ', 'NOUN', 'CCONJ', 'PRON', 'AUX', 'PART', 'VERB', 'PRON', 'PUNCT', 'PRON', 'PRON', 'VERB', 'PART', 'VERB', 'PRON', 'VERB', 'AUX', 'PUNCT', 'AUX', 'PRON', 'ADJ', 'PUNCT', 'PUNCT', 'INTJ', 'PUNCT', 'AUX', 'PRON', 'ADJ', 'PUNCT', 'PUNCT', 'AUX', 'PRON', 'ADJ', 'NOUN', 'PUNCT', 'PUNCT', 'AUX', 'PRON', 'ADJ', 'PUNCT', 'PUNCT', 'CCONJ', 'ADV', 'NOUN', 'NOUN', 'PUNCT', 'PUNCT', 'AUX', 'PRON', 'ADJ', 'PUNCT', 'PUNCT', 'AUX', 'PRON', 'ADJ', 'NOUN', 'PUNCT', 'PUNCT', 'PUNCT', 'CCONJ', 'ADV', 'NOUN', 'NOUN', 'PUNCT', 'PUNCT']",['tracy'],"['CARDINAL', 'DATE', 'DATE', 'DATE', 'TIME', 'DATE', 'TIME', 'DATE', 'TIME']","['four', 'years', 'days', 'tomorrow', 'tonight', 'tomorrow', 'tonight', 'tomorrow', 'tonight']"
5,song6,Star Treatment,Arctic Monkeys,2018,"I just wanted to be one of The Strokes
Now look at the mess you made me make
Hitchhiking with a monogrammed suitcase
Miles away from any half-useful imaginary highway
I'm a big name in deep space, ask your mates
But golden boy's in bad shape
I found out the hard way that
Here ain't no place for dolls like you and me
Everybody's on a barge
Floating down the endless stream of great TV
1984, 2019

Maybe I was a little too wild in the '70s
Rocket-ship grease down the cracks of my knuckles
Karate bandana, warp speed chic
Hair down to there, impressive moustache
Love came in a bottle with a twist-off cap
Let's all have a swig and do a hot lap

So who you gonna call?
The Martini Police
Baby, that isn't how they look tonight, oh no
It took the light forever to get to your eyes

I just wanted to be one of those ghosts
You thought that you could forget
And then I haunt you via the rear view mirror
On a long drive from the back seat
But it's alright, 'cause you love me
And you recognise that it ain't how it should be
Your eyes are heavy and the weather's getting ugly
So pull over, I know the place
Don't you know an apparition is a cheap date?
What exactly is it you've been drinking these days?
Jukebox in the corner, ""Long Hot Summer""
They've got a film up on the wall and it's dark enough to dance
What do you mean you've never seen Blade Runner?

Oh, maybe I was a little too wild in the '70s
Back down to earth with a lounge singer shimmer
Elevator down to my make-believe residency
From the honeymoon suite
Two shows a day, four nights a week
Easy money

So who you gonna call?
The Martini Police
So who you gonna call?
The Martini Police
Oh, baby, that isn't how they look tonight
It took the light absolutely forever to get to your eyes","i just wanted to be one of the strokes now look at the mess you made me make hitchhiking with a monogrammed suitcase miles away from any half-useful imaginary highway i am a big name in deep space, ask your mates but golden boy's in bad shape i found out the hard way that here ain't no place for dolls like you and me everybody's on a barge floating down the endless stream of great tv 1984, 2019 maybe i was a little too wild in the '70s rocket-ship grease down the cracks of my knuckles karate bandana, warp speed chic hair down to there, impressive moustache love came in a bottle with a twist-off cap let's all have a swig and do a hot lap so who you going to call? the martini police baby, that isn't how they look tonight, oh no it took the light forever to get to your eyes i just wanted to be one of those ghosts you thought that you could forget and then i haunt you via the rear view mirror on a long drive from the back seat but it is alright, 'cause you love me and you recognise that it ain't how it should be your eyes are heavy and the weather's getting ugly so pull over, i know the place do not you know an apparition is a cheap date? what exactly is it you have been drinking these days? jukebox in the corner, ""long hot summer"" they've got a film up on the wall and it is dark enough to dance what do you mean you have never seen blade runner? oh, maybe i was a little too wild in the '70s back down to earth with a lounge singer shimmer elevator down to my make-believe residency from the honeymoon suite two shows a day, four nights a week easy money so who you going to call? the martini police so who you going to call? the martini police oh, baby, that isn't how they look tonight it took the light absolutely forever to get to your eyes","['i', 'just', 'wanted', 'to', 'be', 'one', 'of', 'the', 'strokes', 'now', 'look', 'at', 'the', 'mess', 'you', 'made', 'me', 'make', 'hitchhiking', 'with', 'a', 'monogrammed', 'suitcase', 'miles', 'away', 'from', 'any', 'half', '-', 'useful', 'imaginary', 'highway', 'i', 'am', 'a', 'big', 'name', 'in', 'deep', 'space', ',', 'ask', 'your', 'mates', 'but', 'golden', 'boy', ""'s"", 'in', 'bad', 'shape', 'i', 'found', 'out', 'the', 'hard', 'way', 'that', 'here', 'ai', ""n't"", 'no', 'place', 'for', 'dolls', 'like', 'you', 'and', 'me', 'everybody', ""'s"", 'on', 'a', 'barge', 'floating', 'down', 'the', 'endless', 'stream', 'of', 'great', 'tv', '1984', ',', '2019', 'maybe', 'i', 'was', 'a', 'little', 'too', 'wild', 'in', 'the', ""'"", '70s', 'rocket', '-', 'ship', 'grease', 'down', 'the', 'cracks', 'of', 'my', 'knuckles', 'karate', 'bandana', ',', 'warp', 'speed', 'chic', 'hair', 'down', 'to', 'there', ',', 'impressive', 'moustache', 'love', 'came', 'in', 'a', 'bottle', 'with', 'a', 'twist', '-', 'off', 'cap', 'let', ""'s"", 'all', 'have', 'a', 'swig', 'and', 'do', 'a', 'hot', 'lap', 'so', 'who', 'you', 'going', 'to', 'call', '?', 'the', 'martini', 'police', 'baby', ',', 'that', 'is', ""n't"", 'how', 'they', 'look', 'tonight', ',', 'oh', 'no', 'it', 'took', 'the', 'light', 'forever', 'to', 'get', 'to', 'your', 'eyes', 'i', 'just', 'wanted', 'to', 'be', 'one', 'of', 'those', 'ghosts', 'you', 'thought', 'that', 'you', 'could', 'forget', 'and', 'then', 'i', 'haunt', 'you', 'via', 'the', 'rear', 'view', 'mirror', 'on', 'a', 'long', 'drive', 'from', 'the', 'back', 'seat', 'but', 'it', 'is', 'alright', ',', ""'cause"", 'you', 'love', 'me', 'and', 'you', 'recognise', 'that', 'it', 'ai', ""n't"", 'how', 'it', 'should', 'be', 'your', 'eyes', 'are', 'heavy', 'and', 'the', 'weather', ""'s"", 'getting', 'ugly', 'so', 'pull', 'over', ',', 'i', 'know', 'the', 'place', 'do', 'not', 'you', 'know', 'an', 'apparition', 'is', 'a', 'cheap', 'date', '?', 'what', 'exactly', 'is', 'it', 'you', 'have', 'been', 'drinking', 'these', 'days', '?', 'jukebox', 'in', 'the', 'corner', ',', '""', 'long', 'hot', 'summer', '""', 'they', ""'ve"", 'got', 'a', 'film', 'up', 'on', 'the', 'wall', 'and', 'it', 'is', 'dark', 'enough', 'to', 'dance', 'what', 'do', 'you', 'mean', 'you', 'have', 'never', 'seen', 'blade', 'runner', '?', 'oh', ',', 'maybe', 'i', 'was', 'a', 'little', 'too', 'wild', 'in', 'the', ""'"", '70s', 'back', 'down', 'to', 'earth', 'with', 'a', 'lounge', 'singer', 'shimmer', 'elevator', 'down', 'to', 'my', 'make', '-', 'believe', 'residency', 'from', 'the', 'honeymoon', 'suite', 'two', 'shows', 'a', 'day', ',', 'four', 'nights', 'a', 'week', 'easy', 'money', 'so', 'who', 'you', 'going', 'to', 'call', '?', 'the', 'martini', 'police', 'so', 'who', 'you', 'going', 'to', 'call', '?', 'the', 'martini', 'police', 'oh', ',', 'baby', ',', 'that', 'is', ""n't"", 'how', 'they', 'look', 'tonight', 'it', 'took', 'the', 'light', 'absolutely', 'forever', 'to', 'get', 'to', 'your', 'eyes']","['I', 'just', 'want', 'to', 'be', 'one', 'of', 'the', 'stroke', 'now', 'look', 'at', 'the', 'mess', 'you', 'make', 'I', 'make', 'hitchhike', 'with', 'a', 'monogrammed', 'suitcase', 'mile', 'away', 'from', 'any', 'half', '-', 'useful', 'imaginary', 'highway', 'I', 'be', 'a', 'big', 'name', 'in', 'deep', 'space', ',', 'ask', 'your', 'mate', 'but', 'golden', 'boy', ""'s"", 'in', 'bad', 'shape', 'I', 'find', 'out', 'the', 'hard', 'way', 'that', 'here', 'be', 'not', 'no', 'place', 'for', 'doll', 'like', 'you', 'and', 'I', 'everybody', 'be', 'on', 'a', 'barge', 'float', 'down', 'the', 'endless', 'stream', 'of', 'great', 'tv', '1984', ',', '2019', 'maybe', 'I', 'be', 'a', 'little', 'too', 'wild', 'in', 'the', ""'"", '70', 'rocket', '-', 'ship', 'grease', 'down', 'the', 'crack', 'of', 'my', 'knuckle', 'karate', 'bandana', ',', 'warp', 'speed', 'chic', 'hair', 'down', 'to', 'there', ',', 'impressive', 'moustache', 'love', 'come', 'in', 'a', 'bottle', 'with', 'a', 'twist', '-', 'off', 'cap', 'let', 'us', 'all', 'have', 'a', 'swig', 'and', 'do', 'a', 'hot', 'lap', 'so', 'who', 'you', 'go', 'to', 'call', '?', 'the', 'martini', 'police', 'baby', ',', 'that', 'be', 'not', 'how', 'they', 'look', 'tonight', ',', 'oh', 'no', 'it', 'take', 'the', 'light', 'forever', 'to', 'get', 'to', 'your', 'eye', 'I', 'just', 'want', 'to', 'be', 'one', 'of', 'those', 'ghost', 'you', 'think', 'that', 'you', 'could', 'forget', 'and', 'then', 'I', 'haunt', 'you', 'via', 'the', 'rear', 'view', 'mirror', 'on', 'a', 'long', 'drive', 'from', 'the', 'back', 'seat', 'but', 'it', 'be', 'alright', ',', ""'cause"", 'you', 'love', 'I', 'and', 'you', 'recognise', 'that', 'it', 'be', 'not', 'how', 'it', 'should', 'be', 'your', 'eye', 'be', 'heavy', 'and', 'the', 'weather', ""'s"", 'get', 'ugly', 'so', 'pull', 'over', ',', 'I', 'know', 'the', 'place', 'do', 'not', 'you', 'know', 'an', 'apparition', 'be', 'a', 'cheap', 'date', '?', 'what', 'exactly', 'be', 'it', 'you', 'have', 'be', 'drink', 'these', 'day', '?', 'jukebox', 'in', 'the', 'corner', ',', '""', 'long', 'hot', 'summer', '""', 'they', 'have', 'get', 'a', 'film', 'up', 'on', 'the', 'wall', 'and', 'it', 'be', 'dark', 'enough', 'to', 'dance', 'what', 'do', 'you', 'mean', 'you', 'have', 'never', 'see', 'blade', 'runner', '?', 'oh', ',', 'maybe', 'I', 'be', 'a', 'little', 'too', 'wild', 'in', 'the', ""'"", '70', 'back', 'down', 'to', 'earth', 'with', 'a', 'lounge', 'singer', 'shimmer', 'elevator', 'down', 'to', 'my', 'make', '-', 'believe', 'residency', 'from', 'the', 'honeymoon', 'suite', 'two', 'show', 'a', 'day', ',', 'four', 'night', 'a', 'week', 'easy', 'money', 'so', 'who', 'you', 'go', 'to', 'call', '?', 'the', 'martini', 'police', 'so', 'who', 'you', 'go', 'to', 'call', '?', 'the', 'martini', 'police', 'oh', ',', 'baby', ',', 'that', 'be', 'not', 'how', 'they', 'look', 'tonight', 'it', 'take', 'the', 'light', 'absolutely', 'forever', 'to', 'get', 'to', 'your', 'eye']","['PRON', 'ADV', 'VERB', 'PART', 'AUX', 'NUM', 'ADP', 'DET', 'NOUN', 'ADV', 'VERB', 'ADP', 'DET', 'NOUN', 'PRON', 'VERB', 'PRON', 'VERB', 'VERB', 'ADP', 'DET', 'ADJ', 'NOUN', 'NOUN', 'ADV', 'ADP', 'DET', 'ADJ', 'PUNCT', 'ADJ', 'ADJ', 'NOUN', 'PRON', 'AUX', 'DET', 'ADJ', 'NOUN', 'ADP', 'ADJ', 'NOUN', 'PUNCT', 'VERB', 'PRON', 'NOUN', 'CCONJ', 'ADJ', 'NOUN', 'PART', 'ADP', 'ADJ', 'NOUN', 'PRON', 'VERB', 'ADP', 'DET', 'ADJ', 'NOUN', 'PRON', 'ADV', 'VERB', 'PART', 'DET', 'NOUN', 'ADP', 'NOUN', 'ADP', 'PRON', 'CCONJ', 'PRON', 'PRON', 'AUX', 'ADP', 'DET', 'NOUN', 'VERB', 'ADP', 'DET', 'ADJ', 'NOUN', 'ADP', 'ADJ', 'NOUN', 'NUM', 'PUNCT', 'NUM', 'ADV', 'PRON', 'AUX', 'DET', 'ADJ', 'ADV', 'ADJ', 'ADP', 'DET', 'NOUN', 'NOUN', 'NOUN', 'PUNCT', 'NOUN', 'NOUN', 'ADP', 'DET', 'NOUN', 'ADP', 'PRON', 'NOUN', 'VERB', 'PROPN', 'PUNCT', 'ADJ', 'NOUN', 'ADJ', 'NOUN', 'ADP', 'ADP', 'ADV', 'PUNCT', 'ADJ', 'NOUN', 'NOUN', 'VERB', 'ADP', 'DET', 'NOUN', 'ADP', 'DET', 'NOUN', 'PUNCT', 'ADP', 'NOUN', 'VERB', 'PRON', 'PRON', 'VERB', 'DET', 'NOUN', 'CCONJ', 'VERB', 'DET', 'ADJ', 'NOUN', 'CCONJ', 'PRON', 'PRON', 'VERB', 'PART', 'VERB', 'PUNCT', 'DET', 'ADJ', 'NOUN', 'NOUN', 'PUNCT', 'PRON', 'AUX', 'PART', 'SCONJ', 'PRON', 'VERB', 'NOUN', 'PUNCT', 'INTJ', 'INTJ', 'PRON', 'VERB', 'DET', 'NOUN', 'ADV', 'PART', 'VERB', 'ADP', 'PRON', 'NOUN', 'PRON', 'ADV', 'VERB', 'PART', 'AUX', 'NUM', 'ADP', 'DET', 'NOUN', 'PRON', 'VERB', 'SCONJ', 'PRON', 'AUX', 'VERB', 'CCONJ', 'ADV', 'PRON', 'VERB', 'PRON', 'ADP', 'DET', 'ADJ', 'NOUN', 'NOUN', 'ADP', 'DET', 'ADJ', 'NOUN', 'ADP', 'DET', 'ADJ', 'NOUN', 'CCONJ', 'PRON', 'AUX', 'ADJ', 'PUNCT', 'SCONJ', 'PRON', 'VERB', 'PRON', 'CCONJ', 'PRON', 'VERB', 'SCONJ', 'PRON', 'VERB', 'PART', 'SCONJ', 'PRON', 'AUX', 'AUX', 'PRON', 'NOUN', 'AUX', 'ADJ', 'CCONJ', 'DET', 'NOUN', 'PART', 'VERB', 'ADJ', 'ADV', 'VERB', 'ADP', 'PUNCT', 'PRON', 'VERB', 'DET', 'NOUN', 'AUX', 'PART', 'PRON', 'VERB', 'DET', 'NOUN', 'AUX', 'DET', 'ADJ', 'NOUN', 'PUNCT', 'PRON', 'ADV', 'AUX', 'PRON', 'PRON', 'AUX', 'AUX', 'VERB', 'DET', 'NOUN', 'PUNCT', 'PROPN', 'ADP', 'DET', 'NOUN', 'PUNCT', 'PUNCT', 'ADJ', 'ADJ', 'NOUN', 'PUNCT', 'PRON', 'AUX', 'VERB', 'DET', 'NOUN', 'ADP', 'ADP', 'DET', 'NOUN', 'CCONJ', 'PRON', 'AUX', 'ADJ', 'ADV', 'PART', 'VERB', 'PRON', 'AUX', 'PRON', 'VERB', 'PRON', 'AUX', 'ADV', 'VERB', 'NOUN', 'NOUN', 'PUNCT', 'INTJ', 'PUNCT', 'ADV', 'PRON', 'AUX', 'DET', 'ADJ', 'ADV', 'ADJ', 'ADP', 'DET', 'NOUN', 'NOUN', 'ADV', 'ADP', 'ADP', 'NOUN', 'ADP', 'DET', 'NOUN', 'NOUN', 'NOUN', 'NOUN', 'ADP', 'ADP', 'PRON', 'NOUN', 'PUNCT', 'VERB', 'NOUN', 'ADP', 'DET', 'NOUN', 'NOUN', 'NUM', 'VERB', 'DET', 'NOUN', 'PUNCT', 'NUM', 'NOUN', 'DET', 'NOUN', 'ADJ', 'NOUN', 'ADV', 'PRON', 'PRON', 'VERB', 'PART', 'VERB', 'PUNCT', 'DET', 'NOUN', 'NOUN', 'CCONJ', 'PRON', 'PRON', 'VERB', 'PART', 'VERB', 'PUNCT', 'DET', 'NOUN', 'NOUN', 'INTJ', 'PUNCT', 'NOUN', 'PUNCT', 'PRON', 'AUX', 'PART', 'SCONJ', 'PRON', 'VERB', 'NOUN', 'PRON', 'VERB', 'DET', 'NOUN', 'ADV', 'ADV', 'PART', 'VERB', 'ADP', 'PRON', 'NOUN']","['bandana', 'jukebox']","['CARDINAL', 'DATE', 'DATE', 'DATE', 'TIME', 'PERSON', 'DATE', 'CARDINAL', 'TIME', 'TIME']","['half', '1984', '2019', ""'70s"", 'tonight', 'jukebox', ""'70s"", 'two', 'four nights', 'tonight']"
6,song7,Mr Schwartz,Arctic Monkeys,2022,"Put your heavy metal to the test
There might be half a love song in it all for you
Timing-wise, it's probably for the best
Come here and kiss me now before it gets too cute

Mr. Schwartz is stayin' strong for the crew
Wardrobe's lint-rollin' your velveteen suit
And smudgin' dubbin' on your dancin' shoes

Gradually, it's coming into view
It's like your little directorial debut
As fine a time as any to deduce
The fact that neither you or I has ever had a clue

Mr. Schwartz is stayin' strong for the crew
Wardrobе's lint-rollin' your velveteen suit
And smudgin' dubbin' on your dancin' shoes

And if wе guess who I'm pretending to be
Do we win a prize?
Having attempted twice, both incorrectly
Do we get a third try?

The gloved hand's reachin' in to hit the switch
There's not one goddamn thing that you can do about it

Mr. Schwartz is havin' tea with the grips
Askin' after all the wives and the kids
It's at the heart of what the business is","put your heavy metal to the test there might be half a love song in it all for you timing-wise, it is probably for the best come here and kiss me now before it gets too cute mr. schwartz is stayin' strong for the crew wardrobe's lint-rollin' your velveteen suit and smudgin' dubbin' on your dancin' shoes gradually, it is coming into view it is like your little directorial debut as fine a time as any to deduce the fact that neither you or i has ever had a clue mr. schwartz is stayin' strong for the crew wardrobе's lint-rollin' your velveteen suit and smudgin' dubbin' on your dancin' shoes and if wе guess who i am pretending to be do we win a prize? having attempted twice, both incorrectly do we get a third try? the gloved hand's reachin' in to hit the switch there is not one goddamn thing that you can do about it mr. schwartz is havin' tea with the grips askin' after all the wives and the kids it is at the heart of what the business is","['put', 'your', 'heavy', 'metal', 'to', 'the', 'test', 'there', 'might', 'be', 'half', 'a', 'love', 'song', 'in', 'it', 'all', 'for', 'you', 'timing', '-', 'wise', ',', 'it', 'is', 'probably', 'for', 'the', 'best', 'come', 'here', 'and', 'kiss', 'me', 'now', 'before', 'it', 'gets', 'too', 'cute', 'mr', '.', 'schwartz', 'is', 'stayin', ""'"", 'strong', 'for', 'the', 'crew', 'wardrobe', ""'s"", 'lint', '-', 'rollin', ""'"", 'your', 'velveteen', 'suit', 'and', 'smudgin', ""'"", 'dubbin', ""'"", 'on', 'your', 'dancin', ""'"", 'shoes', 'gradually', ',', 'it', 'is', 'coming', 'into', 'view', 'it', 'is', 'like', 'your', 'little', 'directorial', 'debut', 'as', 'fine', 'a', 'time', 'as', 'any', 'to', 'deduce', 'the', 'fact', 'that', 'neither', 'you', 'or', 'i', 'has', 'ever', 'had', 'a', 'clue', 'mr', '.', 'schwartz', 'is', 'stayin', ""'"", 'strong', 'for', 'the', 'crew', 'wardrobе', ""'s"", 'lint', '-', 'rollin', ""'"", 'your', 'velveteen', 'suit', 'and', 'smudgin', ""'"", 'dubbin', ""'"", 'on', 'your', 'dancin', ""'"", 'shoes', 'and', 'if', 'wе', 'guess', 'who', 'i', 'am', 'pretending', 'to', 'be', 'do', 'we', 'win', 'a', 'prize', '?', 'having', 'attempted', 'twice', ',', 'both', 'incorrectly', 'do', 'we', 'get', 'a', 'third', 'try', '?', 'the', 'gloved', 'hand', ""'s"", 'reachin', ""'"", 'in', 'to', 'hit', 'the', 'switch', 'there', 'is', 'not', 'one', 'goddamn', 'thing', 'that', 'you', 'can', 'do', 'about', 'it', 'mr', '.', 'schwartz', 'is', ""havin'"", 'tea', 'with', 'the', 'grips', 'askin', ""'"", 'after', 'all', 'the', 'wives', 'and', 'the', 'kids', 'it', 'is', 'at', 'the', 'heart', 'of', 'what', 'the', 'business', 'is']","['put', 'your', 'heavy', 'metal', 'to', 'the', 'test', 'there', 'might', 'be', 'half', 'a', 'love', 'song', 'in', 'it', 'all', 'for', 'you', 'time', '-', 'wise', ',', 'it', 'be', 'probably', 'for', 'the', 'good', 'come', 'here', 'and', 'kiss', 'I', 'now', 'before', 'it', 'get', 'too', 'cute', 'mr', '.', 'schwartz', 'be', 'stayin', ""'"", 'strong', 'for', 'the', 'crew', 'wardrobe', ""'s"", 'lint', '-', 'rollin', ""'"", 'your', 'velveteen', 'suit', 'and', 'smudgin', ""'"", 'dubbin', ""'"", 'on', 'your', 'dancin', ""'"", 'shoe', 'gradually', ',', 'it', 'be', 'come', 'into', 'view', 'it', 'be', 'like', 'your', 'little', 'directorial', 'debut', 'as', 'fine', 'a', 'time', 'as', 'any', 'to', 'deduce', 'the', 'fact', 'that', 'neither', 'you', 'or', 'I', 'have', 'ever', 'have', 'a', 'clue', 'mr', '.', 'schwartz', 'be', 'stayin', ""'"", 'strong', 'for', 'the', 'crew', 'wardrobе', ""'s"", 'lint', '-', 'rollin', ""'"", 'your', 'velveteen', 'suit', 'and', 'smudgin', ""'"", 'dubbin', ""'"", 'on', 'your', 'dancin', ""'"", 'shoe', 'and', 'if', 'wе', 'guess', 'who', 'I', 'be', 'pretend', 'to', 'be', 'do', 'we', 'win', 'a', 'prize', '?', 'having', 'attempt', 'twice', ',', 'both', 'incorrectly', 'do', 'we', 'get', 'a', 'third', 'try', '?', 'the', 'gloved', 'hand', ""'s"", 'reachin', ""'"", 'in', 'to', 'hit', 'the', 'switch', 'there', 'be', 'not', 'one', 'goddamn', 'thing', 'that', 'you', 'can', 'do', 'about', 'it', 'mr', '.', 'schwartz', 'be', ""havin'"", 'tea', 'with', 'the', 'grip', 'askin', ""'"", 'after', 'all', 'the', 'wife', 'and', 'the', 'kid', 'it', 'be', 'at', 'the', 'heart', 'of', 'what', 'the', 'business', 'be']","['VERB', 'PRON', 'ADJ', 'NOUN', 'ADP', 'DET', 'NOUN', 'PRON', 'AUX', 'AUX', 'DET', 'DET', 'NOUN', 'NOUN', 'ADP', 'PRON', 'PRON', 'ADP', 'PRON', 'VERB', 'PUNCT', 'ADV', 'PUNCT', 'PRON', 'AUX', 'ADV', 'ADP', 'DET', 'ADJ', 'VERB', 'ADV', 'CCONJ', 'VERB', 'PRON', 'ADV', 'SCONJ', 'PRON', 'VERB', 'ADV', 'ADJ', 'PROPN', 'PROPN', 'PROPN', 'AUX', 'PROPN', 'PUNCT', 'ADJ', 'ADP', 'DET', 'NOUN', 'NOUN', 'PART', 'NOUN', 'PUNCT', 'NOUN', 'PUNCT', 'PRON', 'ADJ', 'NOUN', 'CCONJ', 'VERB', 'PUNCT', 'NOUN', 'PUNCT', 'ADP', 'PRON', 'PROPN', 'PART', 'NOUN', 'ADV', 'PUNCT', 'PRON', 'AUX', 'VERB', 'ADP', 'NOUN', 'PRON', 'AUX', 'ADP', 'PRON', 'ADJ', 'ADJ', 'NOUN', 'ADP', 'ADJ', 'DET', 'NOUN', 'ADP', 'PRON', 'PART', 'VERB', 'DET', 'NOUN', 'SCONJ', 'CCONJ', 'PRON', 'CCONJ', 'PRON', 'AUX', 'ADV', 'AUX', 'DET', 'NOUN', 'PROPN', 'PROPN', 'PROPN', 'AUX', 'PROPN', 'PUNCT', 'ADJ', 'ADP', 'DET', 'NOUN', 'NOUN', 'PART', 'NOUN', 'PUNCT', 'NOUN', 'PUNCT', 'PRON', 'ADJ', 'NOUN', 'CCONJ', 'VERB', 'PUNCT', 'NOUN', 'PUNCT', 'ADP', 'PRON', 'PROPN', 'PART', 'NOUN', 'CCONJ', 'SCONJ', 'PROPN', 'VERB', 'PRON', 'PRON', 'AUX', 'VERB', 'PART', 'AUX', 'AUX', 'PRON', 'VERB', 'DET', 'NOUN', 'PUNCT', 'AUX', 'VERB', 'ADV', 'PUNCT', 'PRON', 'ADV', 'AUX', 'PRON', 'VERB', 'DET', 'ADJ', 'NOUN', 'PUNCT', 'DET', 'ADJ', 'NOUN', 'PART', 'NOUN', 'PUNCT', 'ADP', 'PART', 'VERB', 'DET', 'NOUN', 'PRON', 'VERB', 'PART', 'NUM', 'NOUN', 'NOUN', 'PRON', 'PRON', 'AUX', 'VERB', 'ADP', 'PRON', 'PROPN', 'PROPN', 'PROPN', 'AUX', 'VERB', 'NOUN', 'ADP', 'DET', 'NOUN', 'NOUN', 'PUNCT', 'SCONJ', 'DET', 'DET', 'NOUN', 'CCONJ', 'DET', 'NOUN', 'PRON', 'AUX', 'ADP', 'DET', 'NOUN', 'ADP', 'PRON', 'DET', 'NOUN', 'AUX']","['mr', '.', 'schwartz', 'stayin', 'dancin', 'mr', '.', 'schwartz', 'stayin', 'dancin', 'wе', 'mr', '.', 'schwartz']","['CARDINAL', 'PERSON', 'PERSON', 'ORDINAL', 'PERSON']","['half', 'schwartz', 'schwartz', 'third', 'schwartz']"
